name,plot_id,diameter_cm,decay_class,notes,transect
fuels_cwd_table_child_big11nov,SECR-THIN-02,52,Rotten,NA,W
fuels_cwd_table_child_big11nov,EAFR-RX-02,19,Sound,NA,N
fuels_cwd_table_child_big11nov,EAFR-RX-07,12,Sound,NA,W
fuels_cwd_table_child_big11nov,EAFR-RX-11-REAL,10,Sound,NA,W
fuels_cwd_table_child_big11nov,EAFR-RX-16,33,Sound,NA,E
fuels_cwd_table_child_big11nov,ATWE-THIN-36,27,Sound,NA,W
fuels_cwd_table_child_big11nov,EAFR-RX-14,19,Rotten,NA,N
fuels_cwd_table_child_big11nov,BIST-RX-01,21,Rotten,NA,E
fuels_cwd_table_child_big11nov,EAFR-RX-11,39,Sound,NA,S
fuels_cwd_table_child_big11nov,ATWE-THIN-39,24,Sound,NA,N
fuels_cwd_table_child_big11nov,SECR-THIN-02REAL,39,Rotten,NA,S
fuels_cwd_table_child_big11nov,ATWE-THIN-29,22,Sound,NA,E
fuels_cwd_table_child_big11nov,EAFR-RX-20,21,Rotten,NA,N
fuels_cwd_table_child_big11nov,ATWE-THIN-29,22,Sound,NA,W
fuels_cwd_table_child_big11nov,SECR-THIN-02REAL,16,Rotten,NA,N
fuels_cwd_table_child_big11nov,EAFR-RX-11-REAL,49,Sound,NA,W
fuels_cwd_table_child_big11nov,ATWE-THIN-37,22,Sound,NA,W
fuels_cwd_table_child_big11nov,BIST-RX-01,8,Sound,NA,N
fuels_cwd_table_child_big11nov,SECR-THIN-02,22,Sound,NA,W
fuels_cwd_table_child_big11nov,GRGR-RX-06,15,Sound,NA,S
fuels_cwd_table_child_big11nov,EAFR-RX-11,23,Rotten,NA,E
fuels_cwd_table_child_big11nov,BIST-RX-03,61,Sound,NA,S
fuels_cwd_table_child_big11nov,GRGR-RX-09,93,Rotten,NA,E
fuels_cwd_table_child_big11nov,EAFR-RX-11-REAL,10,Sound,NA,W
fuels_cwd_table_child_big11nov,EAFR-RX-11-REAL,13,Sound,NA,W
fuels_cwd_table_child_big11nov,BIST-RX-06,12,Sound,NA,S
fuels_cwd_table_child_big11nov,BIST-RX-02,8,Sound,NA,S
fuels_cwd_table_child_big11nov,GRGR-RX-06,19,Rotten,NA,E
fuels_cwd_table_child_big11nov,GRGR-RX-11,48,Sound,NA,W
fuels_cwd_table_child_big11nov,EAFR-RX-22,8.5,Sound,NA,W
fuels_cwd_table_child_big11nov,ATWE-THIN-23,12,Sound,NA,S
fuels_cwd_table_child_big11nov,EAFR-RX-11-REAL,55,Sound,NA,S
fuels_cwd_table_child_big11nov,EAFR-RX-11-REAL,7.7,Sound,NA,W
fuels_cwd_table_child_big11nov,EAFR-RX-17,10,Sound,NA,W
fuels_cwd_table_child_big11nov,BIST-RX-12,21,Rotten,NA,S
fuels_cwd_table_child_big11nov,SECR-PILE-02,11,Sound,NA,N
fuels_cwd_table_child_big11nov,EAFR-RX-11-REAL,27,Sound,NA,S
fuels_cwd_table_child_big11nov,ATWE-THIN-23,8,Sound,NA,N
fuels_cwd_table_child_big11nov,BIST-RX-03,59,Sound,NA,S
fuels_cwd_table_child_big11nov,BIST-RX-13,13,Sound,NA,S
fuels_cwd_table_child_big11nov,ATWE-THIN-24,15,Sound,NA,S
fuels_cwd_table_child_big11nov,SECR-THIN-05,15,Sound,NA,N
fuels_cwd_table_child_big11nov,GRGR-RX-06,9,Sound,NA,W
fuels_cwd_table_child_big11nov,BIST-RX-12,18,Sound,NA,E
fuels_cwd_table_child_big11nov,BIST-RX-07,13,Sound,NA,W
fuels_cwd_table_child_big11nov,EAFR-RX-02,37,Sound,NA,S
fuels_cwd_table_child_big11nov,GRGR-RX-11,46,Sound,NA,W
fuels_cwd_table_child_big11nov,EAFR-RX-03,39,Rotten,NA,N
fuels_cwd_table_child_big11nov,BIST-RX-12,14,Sound,NA,E
fuels_cwd_table_child_big11nov,ATWE-THIN-10,10,Sound,NA,N
fuels_cwd_table_child_big11nov,EAFR-RX-22,12,Sound,NA,E
fuels_cwd_table_child_big11nov,ATWE-THIN-24,8,Sound,NA,S
fuels_cwd_table_child_big11nov,ATWE-THIN-10,13,Sound,NA,N
fuels_cwd_table_child_big11nov,BIST-RX-12,14,Sound,NA,E
fuels_cwd_table_child_big11nov,EAFR-RX-14,130,Sound,NA,E
fuels_cwd_table_child_big11nov,EAFR-RX-02,39,Sound,NA,E
fuels_cwd_table_child_big11nov,ATWE-THIN-10,19,Sound,NA,S
fuels_cwd_table_child_big11nov,BIST-RX-02,42,Sound,NA,S
fuels_cwd_table_child_big11nov,SECR-THIN-02REAL,64,Rotten,NA,W
fuels_cwd_table_child_big11nov,EAFR--RX-11,10,Sound,NA,W
fuels_cwd_table_child_big11nov,EAFR-RX-11-REAL,14,Rotten,NA,S
fuels_cwd_table_child_big11nov,EAFR-RX-20,15.4,Sound,NA,W
fuels_cwd_table_child_big11nov,EAFR-RX-14,8.5,Sound,NA,E
fuels_cwd_table_child_big11nov,SECR-THIN-02,10,Sound,NA,W
fuels_cwd_table_child_big11nov,ATWE-THIN-29,18,Sound,NA,S
fuels_cwd_table_child_big11nov,ATWE-THIN-10,9,Sound,NA,E
fuels_cwd_table_child_big11nov,SECR-PILE-02,13,Rotten,NA,N
fuels_cwd_table_child_big11nov,EAFR-RX-07,23,Rotten,NA,W
fuels_cwd_table_child_big11nov,GRGR-RX-11,14,Sound,NA,S
fuels_cwd_table_child_big11nov,SECR-THIN-02REAL,59,Rotten,NA,W
fuels_cwd_table_child_big11nov,GRGR-RX-06,32,Sound,NA,S
fuels_cwd_table_child_big11nov,GRGR-RX-06,32,Sound,NA,E
fuels_cwd_table_child_big11nov,GRGR-RX-06,8,Sound,NA,W
fuels_cwd_table_child_big11nov,EAFR-RX-16,18,Sound,NA,W
fuels_cwd_table_child_big11nov,EAFR-RX-07,11,Rotten,NA,N
fuels_cwd_table_child_big11nov,GRGR-RX-06,20,Sound,NA,S
fuels_cwd_table_child_big11nov,EAFR-RX-03,13,Sound,NA,W
fuels_cwd_table_child_big11nov,ATWE-THIN-10,27,Sound,NA,N
fuels_cwd_table_child_big11nov,EAFR-RX-20,7.8,Sound,NA,E
fuels_cwd_table_child_big11nov,EAFR-RX-22,11,Sound,NA,W
fuels_cwd_table_child_big11nov,ATWE-THIN-36,10,Sound,NA,W
fuels_cwd_table_child_big11nov,EAFR-RX-07,12,Sound,NA,W
fuels_cwd_table_child_big11nov,ATWE-THIN-29,46,Sound,NA,W
fuels_cwd_table_child_big11nov,ATWE-THIN-10,10,Sound,NA,S
fuels_cwd_table_child_big11nov,BIST-RX-04,12,Sound,NA,W
fuels_cwd_table_child_big11nov,SECR-THIN-02REAL,21,Sound,NA,N
fuels_cwd_table_child_big11nov,GRGR-RX-06,20,Sound,NA,E
fuels_cwd_table_child_big11nov,SECR-THIN-02REAL,31,Sound,NA,W
fuels_cwd_table_child_big11nov,EAFR-RX-07,95,Rotten,NA,E
fuels_cwd_table_child_big11nov,SECR-THIN-02REAL,30,Sound,NA,N
fuels_cwd_table_child_big11nov,BIST-RX-01,11,Sound,NA,W
fuels_cwd_table_child_big11nov,ATWE-THIN-10,13,Sound,NA,W
fuels_cwd_table_child_big11nov,EAFR-RX-02,19,Rotten,NA,E
fuels_cwd_table_child_big11nov,BIST-RX-12,26,Sound,NA,S
fuels_cwd_table_child_big11nov,EAFR-RX-03,17,Sound,NA,S
fuels_cwd_table_child_big11nov,EAFR-RX-14,13,Rotten,NA,S
fuels_cwd_table_child_big11nov,EAFR-RX-22,11,Sound,NA,E
fuels_cwd_table_child_big11nov,BIST-RX-01,19,Sound,NA,E
fuels_cwd_table_child_big11nov,EAFR-RX-20,21.5,Sound,NA,W
fuels_cwd_table_child_big11nov,BIST-RX-07,34,Sound,NA,E
fuels_cwd_table_child_big11nov,BIST-RX-06,11,Sound,NA,E
fuels_cwd_table_child_big11nov,EAFR-RX-08,11,Sound,NA,N
fuels_cwd_table_child_big11nov,GRGR-RX-06,13,Rotten,NA,W
fuels_cwd_table_child_big11nov,EAFR-RX-20,19,Sound,NA,N
fuels_cwd_table_child_big11nov,EAFR-RX-14,50,Rotten,NA,N
fuels_cwd_table_child_big11nov,EAFR-RX-03,22,Rotten,NA,E
fuels_cwd_table_child_big11nov,BIST-RX-06,75,Sound,NA,E
fuels_cwd_table_child_big11nov,BIST-RX-11,9,Sound,NA,E
fuels_cwd_table_child_big11nov,EAFR-RX-11,50,Rotten,NA,N
fuels_cwd_table_child_big11nov,EAFR-RX-14,19,Rotten,NA,E
fuels_cwd_table_child_big11nov,BIST-RX-10,29,Rotten,NA,W
fuels_cwd_table_child_big11nov,EAFR-RX-03,11,Sound,NA,E
fuels_cwd_table_child_big11nov,ATWE-THIN-29,14,Rotten,NA,N
fuels_cwd_table_child_big11nov,BIST-RX-03,15,Sound,NA,W
fuels_cwd_table_child_big11nov,EAFR-RX-17,12,Sound,NA,E
fuels_cwd_table_child_big11nov,EAFR-RX-03,16,Sound,NA,E
fuels_cwd_table_child_big11nov,EAFR-RX-03,10,Sound,NA,S
fuels_cwd_table_child_big11nov,EAFR-RX-22,9,Sound,NA,N
fuels_cwd_table_child_big11nov,GRGR-RX-06,11,Sound,NA,S
fuels_cwd_table_child_big11nov,EAFR-RX-20,16.3,Rotten,NA,W
fuels_cwd_table_child_big11nov,BIST-RX-06,15,Sound,NA,E
fuels_cwd_table_child_big11nov,ATWE-THIN-36,17,Sound,NA,W
fuels_cwd_table_child_big11nov,EAFR-RX-17,13,Rotten,NA,W
fuels_cwd_table_child_big11nov,GRGR-RX-06,18,Rotten,NA,N
fuels_cwd_table_child_big11nov,BIST-RX-06,10,Sound,NA,E
fuels_cwd_table_child_big11nov,GRGR-RX-06,18,Sound,NA,N
fuels_cwd_table_child_big11nov,EAFR-RX-07,14,Sound,NA,N
fuels_cwd_table_child_big11nov,EAFR-RX-17,83,Sound,NA,N
fuels_cwd_table_child_big11nov,EAFR-RX-16,10,Sound,NA,E
fuels_cwd_table_child_big11nov,EAFR-RX-08,12,Sound,NA,N
fuels_cwd_table_child_big11nov,BIST-RX-01,10,Sound,NA,N
fuels_cwd_table_child_big11nov,EAFR-RX-20,43,Rotten,NA,S
fuels_cwd_table_child_big11nov,SECR-THIN-05,9,Sound,NA,S
fuels_cwd_table_child_big11nov,EAFR-RX-11-REAL,39,Sound,NA,S
fuels_cwd_table_child_big11nov,BIST-RX-11,17,Sound,NA,S
fuels_cwd_table_child_big11nov,ATWE-THIN-25,32,Sound,NA,W
fuels_cwd_table_child_big11nov,GRGR-RX-11,29,Sound,NA,S
fuels_cwd_table_child_big11nov,GRGR-RX-06,10,Sound,NA,E
fuels_cwd_table_child_big11nov,EAFR--RX-11,13,Sound,NA,W
fuels_cwd_table_child_big11nov,EAFR-RX-07,12,Sound,NA,W
fuels_cwd_table_child_big11nov,GRGR-RX-11,49,Sound,NA,W
fuels_cwd_table_child_big11nov,BIST-RX-12,15,Sound,NA,S
fuels_cwd_table_child_big11nov,EAFR-RX-14,39,Rotten,NA,E
fuels_cwd_table_child_big11nov,SECR-PILE-02,28,Rotten,NA,N
fuels_cwd_table_child_big11nov,GRGR-RX-06,29,Sound,NA,W
fuels_cwd_table_child_big11nov,GRGR-RX-06,16,Sound,NA,S
fuels_cwd_table_child_big11nov,EAFR-RX-16,34,Sound,NA,W
fuels_cwd_table_child_big11nov,EAFR-RX-02,21,Rotten,NA,E
fuels_cwd_table_child_big11nov,ATWE-THIN-10,11,Sound,NA,E
fuels_cwd_table_child_big11nov,ATWE-THIN-06,10,Rotten,NA,E
fuels_cwd_table_child_big11nov,BIST-RX-11,32,Sound,NA,N
fuels_cwd_table_child_big11nov,EAFR-RX-03,16,Rotten,NA,E
fuels_cwd_table_child_big11nov,GRGR-RX-06,12,Sound,NA,W
fuels_cwd_table_child_big11nov,GRGR-RX-06,18,Sound,NA,W
fuels_cwd_table_child_big11nov,ATWE-THIN-29,31,Rotten,NA,W
fuels_cwd_table_child_big11nov,SECR-PILE-02,15,Sound,NA,N
fuels_cwd_table_child_big11nov,BIST-RX-11,27,Sound,NA,E
fuels_cwd_table_child_big11nov,EAFR-RX-07,11,Sound,NA,W
fuels_cwd_table_child_big11nov,GRGR-RX-06,12,Sound,NA,W
fuels_cwd_table_child_big11nov,EAFR-RX-02,59,Sound,NA,N
fuels_cwd_table_child_big11nov,EAFR--RX-11,49,Sound,NA,W
fuels_cwd_table_child_big11nov,EAFR-RX-07,11,Sound,NA,S
fuels_cwd_table_child_big11nov,GRGR-RX-11,37,Rotten,NA,E
fuels_cwd_table_child_big11nov,SECR-THIN-05,11,Sound,NA,W
fuels_cwd_table_child_big11nov,EAFR--RX-11,7.7,Sound,NA,W
fuels_cwd_table_child_big11nov,GRGR-RX-06,11,Sound,NA,W
fuels_cwd_table_child_big11nov,ATWE-THIN-10,59,Rotten,NA,N
fuels_cwd_table_child_big11nov,EAFR-RX-20,21,Rotten,NA,N
fuels_cwd_table_child_big11nov,GRGR-RX-06,17,Sound,NA,S
fuels_cwd_table_child_big11nov,GRGR-RX-06,8,Sound,NA,W
fuels_cwd_table_child_big11nov,ATWE-THIN-37,41,Sound,NA,W
fuels_cwd_table_child_big11nov,SECR-THIN-02,10,Sound,NA,E
fuels_cwd_table_child_big11nov,SECR-THIN-02,25,Sound,NA,E
fuels_cwd_table_child_big11nov,GRGR-RX-06,8,Sound,NA,E
fuels_cwd_table_child_big11nov,ATWE-THIN-36,16,Sound,NA,W
fuels_cwd_table_child_big11nov,BIST-RX-08,13,Sound,NA,E
fuels_cwd_table_child_big11nov,GRGR-RX-11,34,Sound,NA,E
fuels_cwd_table_child_big11nov,SECR-THIN-02,11,Sound,NA,E
fuels_cwd_table_child_big11nov,ATWE-THIN-23,10,Sound,NA,W
fuels_cwd_table_child_big11nov,GRGR-RX-06,8,Sound,NA,E
fuels_cwd_table_child_big11nov,GRGR-RX-06,29,Rotten,NA,E
fuels_cwd_table_child_big11nov,ATWE-THIN-10,10,Sound,NA,W
fuels_cwd_table_child_big11nov,SECR-PILE-02,14,Sound,NA,N
fuels_cwd_table_child_big11nov,EAFR-RX-11-REAL,29,Sound,NA,W
fuels_cwd_table_child_big11nov,BIST-RX-03,11,Sound,NA,W
fuels_cwd_table_child_big11nov,EAFR-RX-16,26,Sound,NA,E
fuels_cwd_table_child_big11nov,BIST-RX-06,24,Rotten,NA,S
fuels_cwd_table_child_big11nov,BIST-RX-12,43,Sound,NA,E
fuels_cwd_table_child_big11nov,EAFR-RX-11,14.2,Sound,NA,S
fuels_cwd_table_child_big11nov,ATWE-THIN-24,20,Sound,NA,S
fuels_cwd_table_child_big11nov,BIST-RX-04,9,Sound,NA,N
fuels_cwd_table_child_big11nov,EAFR-RX-17,47,Rotten,NA,S
fuels_cwd_table_child_big11nov,BIST-RX-12,36,Sound,NA,S
fuels_cwd_table_child_big11nov,BIST-RX-02,8,Sound,NA,S
fuels_cwd_table_child_big11nov,EAFR-RX-11,14,Rotten,NA,S
fuels_cwd_table_child_big11nov,SECR-THIN-02,9,Sound,NA,W
fuels_cwd_table_child_big11nov,BIST-RX-12,41,Sound,NA,W
fuels_cwd_table_child_big11nov,ATWE-THIN-15,10,Sound,NA,E
fuels_cwd_table_child_big11nov,SECR-THIN-02REAL,40,Rotten,NA,N
fuels_cwd_table_child_big11nov,EAFR-RX-03,17.5,Sound,NA,N
fuels_cwd_table_child_big11nov,EAFR-RX-20,20.1,Rotten,NA,W
fuels_cwd_table_child_big11nov,ATWE-THIN-29,9,Sound,NA,W
fuels_cwd_table_child_big11nov,EAFR-RX-20,70.3,Rotten,NA,W
fuels_cwd_table_child_big11nov,BIST-RX-09,9,Sound,NA,N
fuels_cwd_table_child_big11nov,EAFR-RX-03,29,Sound,NA,N
fuels_cwd_table_child_big11nov,BIST-RX-13,11,Sound,NA,W
fuels_cwd_table_child_big11nov,GRGR-RX-06,37,Sound,NA,W
fuels_cwd_table_child_big11nov,EAFR-RX-14,10,Sound,NA,N
fuels_cwd_table_child_big11nov,GRGR-RX-06,33,Sound,NA,S
fuels_cwd_table_child_big11nov,ATWE-THIN-29,10,Sound,NA,W
fuels_cwd_table_child_big11nov,ATWE-THIN-04,10,Sound,NA,N
fuels_cwd_table_child_big11nov,SECR-THIN-02REAL,51,Sound,NA,E
fuels_cwd_table_child_big11nov,EAFR-RX-17,213,Sound,NA,N
fuels_cwd_table_child_big11nov,GRGR-RX-06,17,Sound,NA,N
fuels_cwd_table_child_big11nov,ATWE-THIN-24,26,Sound,NA,S
fuels_cwd_table_child_big11nov,EAFR-RX-11,10,Sound,NA,N
fuels_cwd_table_child_big11nov,GRGR-RX-11,23,Rotten,NA,N
fuels_cwd_table_child_big11nov,EAFR-RX-11-REAL,14.2,Sound,NA,S
fuels_cwd_table_child_big11nov,EAFR-RX-11-REAL,23,Rotten,NA,E
fuels_cwd_table_child_big11nov,BIST-RX-03,29,Sound,NA,N
fuels_cwd_table_child_big11nov,BIST-RX-11,31,Sound,NA,S
fuels_cwd_table_child_big11nov,ATWE-THIN-29,15,Sound,NA,S
fuels_cwd_table_child_big11nov,ATWE-THIN-10,53,Sound,NA,S
fuels_cwd_table_child_big11nov,EAFR-RX-17,62,Rotten,NA,S
fuels_cwd_table_child_big11nov,EAFR-RX-08,11,Rotten,NA,N
fuels_cwd_table_child_big11nov,GRGR-RX-11,27,Sound,NA,S
fuels_cwd_table_child_big11nov,BIST-RX-02,19,Sound,NA,S
fuels_cwd_table_child_big11nov,GRGR-RX-06,53,Sound,NA,W
fuels_cwd_table_child_big11nov,BIST-RX-12,20,Sound,NA,E
fuels_cwd_table_child_big11nov,GRGR-RX-06,33,Rotten,NA,E
fuels_cwd_table_child_big11nov,GRGR-RX-06,23,Sound,NA,E
fuels_cwd_table_child_big11nov,BIST-RX-04,11,Rotten,NA,N
fuels_cwd_table_child_big11nov,BIST-RX-04,11,Sound,NA,N
fuels_cwd_table_child_big11nov,EAFR-RX-20,28.3,Rotten,NA,W
fuels_cwd_table_child_big11nov,ATWE-THIN-36,37,Sound,NA,N
fuels_cwd_table_child_big11nov,EAFR-RX-11,55,Sound,NA,S
fuels_cwd_table_child_big11nov,EAFR-RX-17,299,Sound,NA,N
fuels_cwd_table_child_big11nov,SECR-THIN-02,19,Sound,NA,W
fuels_cwd_table_child_big11nov,GRGR-RX-11,14,Rotten,NA,N
fuels_cwd_table_child_big11nov,EAFR-RX-07,24,Rotten,NA,W
fuels_cwd_table_child_big11nov,EAFR--RX-11,29,Rotten,NA,W
fuels_cwd_table_child_big11nov,SECR-THIN-02,10,Sound,NA,E
fuels_cwd_table_child_big11nov,EAFR-RX-02,18,Sound,NA,N
fuels_cwd_table_child_big11nov,EAFR-RX-17,23,Rotten,NA,E
fuels_cwd_table_child_big11nov,EAFR-RX-17,20.2,Sound,NA,N
fuels_cwd_table_child_big11nov,GRGR-RX-06,10,Rotten,NA,W
fuels_cwd_table_child_big11nov,GRGR-RX-06,11,Sound,NA,S
fuels_cwd_table_child_big11nov,EAFR-RX-03,11,Sound,NA,E
fuels_cwd_table_child_big11nov,ATWE-THIN-29,29,Rotten,NA,W
fuels_cwd_table_child_big11nov,EAFR-RX-07,15,Rotten,NA,S
fuels_cwd_table_child_big11nov,SECR-THIN-02,21,Sound,NA,W
fuels_cwd_table_child_big11nov,EAFR-RX-20,31,Rotten,NA,N
fuels_cwd_table_child_big11nov,BIST-RX-07,18,Sound,NA,S
fuels_cwd_table_child_big11nov,GRGR-RX-06,120,Rotten,NA,W
fuels_cwd_table_child_big11nov,GRGR-RX-06,15,Sound,NA,W
fuels_cwd_table_child_big11nov,ATWE-THIN-29,64,Rotten,NA,W
fuels_cwd_table_child_big11nov,EAFR-RX-07,14,Sound,NA,W
fuels_cwd_table_child_big11nov,GRGR-RX-11,50,Rotten,NA,W
fuels_cwd_table_child_big11nov,GRGR-RX-06,12,Sound,NA,W
fuels_cwd_table_child_big11nov,EAFR-RX-02,52,Rotten,NA,E
fuels_cwd_table_child_big11nov,EAFR-RX-20,31,Rotten,NA,N
fuels_cwd_table_child_big11nov,EAFR-RX-03,17,Sound,NA,E
fuels_cwd_table_child_big11nov,ATWE-THIN-29,49,Rotten,NA,S
fuels_cwd_table_child_big11nov,SECR-THIN-02REAL,21,Sound,NA,W
fuels_cwd_table_child_big11nov,EAFR-RX-03,48,Rotten,NA,N
fuels_cwd_table_child_big11nov,EAFR-RX-17,43,Rotten,NA,E
fuels_cwd_table_child_big11nov,EAFR-RX-11-REAL,12,Rotten,NA,N
fuels_cwd_table_child_big11nov,EAFR-RX-11,12.9,Sound,NA,E
fuels_cwd_table_child_big11nov,BIST-RX-12,17,Sound,NA,S
fuels_cwd_table_child_big11nov,EAFR-RX-11,27,Sound,NA,S
fuels_cwd_table_child_big11nov,EAFR-RX-03,30,Sound,NA,E
fuels_cwd_table_child_big11nov,GRGR-RX-06,13,Sound,NA,S
fuels_cwd_table_child_big11nov,EAFR--RX-11,10,Sound,NA,W
fuels_cwd_table_child_big11nov,ATWE-THIN-15,12,Sound,NA,W
fuels_cwd_table_child_big11nov,EAFR-RX-03,12,Rotten,NA,E
fuels_cwd_table_child_big11nov,BIST-RX-13,15,Sound,NA,N
fuels_cwd_table_child_big11nov,SECR-THIN-05,26,Sound,NA,S
fuels_cwd_table_child_big11nov,BIST-RX-07,109,Sound,NA,E
fuels_cwd_table_child_big11nov,GRGR-RX-09,59,Sound,NA,S
fuels_cwd_table_child_big11nov,SECR-PILE-02,29,Rotten,NA,N
fuels_cwd_table_child_big11nov,ATWE-THIN-25,53,Rotten,NA,N
fuels_cwd_table_child_big11nov,BIST-RX-11,10,Sound,NA,E
fuels_cwd_table_child_big11nov,EAFR-RX-14,17,Rotten,NA,E
fuels_cwd_table_child_big11nov,BIST-RX-12,9,Sound,NA,N
fuels_cwd_table_child_big11nov,GRGR-RX-06,95,Sound,NA,E
fuels_cwd_table_child_big11nov,EAFR-RX-11-REAL,22,Rotten,NA,N
fuels_cwd_table_child_big11nov,BIST-RX-02,27,Sound,NA,S
fuels_cwd_table_child_big11nov,BIST-RX-13,8,Rotten,NA,S
fuels_cwd_table_child_big11nov,EAFR-RX-02,44,Rotten,NA,E
fuels_cwd_table_child_big11nov,ATWE-THIN-10,19,Sound,NA,N
fuels_cwd_table_child_big11nov,GRGR-RX-06,65,Rotten,NA,N
fuels_cwd_table_child_big11nov,GRGR-RX-06,24,Sound,NA,S
fuels_cwd_table_child_big11nov,GRGR-RX-06,14,Sound,NA,S
fuels_cwd_table_child_big11nov,EAFR-RX-22,12,Rotten,NA,S
fuels_cwd_table_child_big11nov,EAFR-RX-20,23.4,Sound,NA,E
fuels_cwd_table_child_big11nov,EAFR-RX-20,13,Rotten,NA,W
fuels_cwd_table_child_big11nov,ATWE-THIN-10,14,Sound,NA,W
fuels_cwd_table_child_big11nov,EAFR-RX-11,19,Rotten,NA,N
fuels_cwd_table_child_big11nov,SECR-THIN-02REAL,17,Sound,NA,W
fuels_cwd_table_child_big11nov,EAFR-RX-22,10,Sound,NA,N
fuels_cwd_table_child_big11nov,SECR-THIN-02REAL,57,Sound,NA,S
fuels_cwd_table_child_big11nov,EAFR-RX-03,48,Rotten,NA,W
fuels_cwd_table_child_big11nov,BIST-RX-12,38,Sound,NA,S
fuels_cwd_table_child_big11nov,BIST-RX-10,11,Rotten,NA,W
fuels_cwd_table_child_big11nov,BIST-RX-06,59,Sound,NA,S
fuels_cwd_table_child_big11nov,ATWE-THIN-37,8,Sound,NA,W
fuels_cwd_table_child_big11nov,BIST-RX-03,34,Sound,NA,S
fuels_cwd_table_child_big11nov,GRGR-RX-11,9,Sound,NA,W
fuels_cwd_table_child_big11nov,BIST-RX-03,12,Sound,NA,W
fuels_cwd_table_child_big11nov,EAFR-RX-11-REAL,12.9,Sound,NA,E
fuels_cwd_table_child_big17nov,REME-THIN-07,10,Sound,NA,E
fuels_cwd_table_child_big17nov,REMO-PLANT-05,12,Sound,NA,N
fuels_cwd_table_child_big17nov,USGS-114,15,Sound,IN 15M EXTENSION,S
fuels_cwd_table_child_big17nov,USGS-409003,13,Sound,IN 15M EXTENSION,W
fuels_cwd_table_child_big17nov,REMO-PLANT-19,33,Sound,NA,N
fuels_cwd_table_child_big17nov,REMO-PLANT-42,18,Sound,NA,W
fuels_cwd_table_child_big17nov,REME-THIN-07,13,Rotten,NA,N
fuels_cwd_table_child_big17nov,REMO-PLANT-22,8,Sound,NA,N
fuels_cwd_table_child_big17nov,REME-THIN-06,9,Sound,NA,N
fuels_cwd_table_child_big17nov,USGS-114,13,Sound,NA,W
fuels_cwd_table_child_big17nov,USGS-409003,27,Sound,NA,S
fuels_cwd_table_child_big17nov,REMO-PLANT-22,29,Sound,NA,N
fuels_cwd_table_child_big17nov,REMO-PLANT-01,98,Sound,NA,E
fuels_cwd_table_child_big17nov,REMO-PLANT-04,57,Sound,NA,N
fuels_cwd_table_child_big17nov,REMO-PLANT-29,11,Sound,NA,N
fuels_cwd_table_child_big17nov,USGS-114,12,Sound,IN 15M EXTENSION,S
fuels_cwd_table_child_big17nov,USGS-114,12,Rotten,IN 15M EXTENSION,S
fuels_cwd_table_child_big17nov,REME-THIN-03,65,Rotten,NA,S
fuels_cwd_table_child_big17nov,USGS-409003,13,Sound,IN 15M EXTENSION,N
fuels_cwd_table_child_big17nov,REMO-PLANT-11,38,Sound,NA,E
fuels_cwd_table_child_big17nov,REMO-PLANT-07,9,Sound,NA,E
fuels_cwd_table_child_big17nov,REME-THIN-02,15,Sound,NA,W
fuels_cwd_table_child_big17nov,REMO-PLANT-11,36,Sound,NA,N
fuels_cwd_table_child_big17nov,REME-THIN-29,23,Sound,NA,W
fuels_cwd_table_child_big17nov,REMO-PLANT-04,48,Sound,NA,S
fuels_cwd_table_child_big17nov,REMO-PLANT-22,11,Sound,NA,N
fuels_cwd_table_child_big17nov,USGS-409003,10,Sound,IN 15M EXTENSION,W
fuels_cwd_table_child_big17nov,REME-THIN-03,34,Rotten,NA,S
fuels_cwd_table_child_big17nov,REMO-PLANT-17,25,Sound,NA,E
fuels_cwd_table_child_big17nov,USGS-409003,9,Sound,IN 15M EXTENSION,W
fuels_cwd_table_child_big17nov,REMO-PLANT-01,9,Sound,NA,N
fuels_cwd_table_child_big17nov,USGS-114,21,Sound,IN 15M EXTENSION,N
fuels_cwd_table_child_big17nov,REME-THIN-02,14,Sound,NA,E
fuels_cwd_table_child_big17nov,REMO-PLANT-19,21,Rotten,NA,S
fuels_cwd_table_child_big17nov,REMO-PLANT-24,10,Sound,NA,N
fuels_cwd_table_child_big17nov,USGS-409003,30,Rotten,NA,N
fuels_cwd_table_child_big17nov,REMO-PLANT-22,9,Sound,NA,W
fuels_cwd_table_child_big17nov,REMO-PLANT-14,17,Sound,NA,W
fuels_cwd_table_child_big17nov,USGS-114,18,Rotten,IN 15M EXTENSION,S
fuels_cwd_table_child_big17nov,USGS-409003,19,Sound,NA,N
fuels_cwd_table_child_big17nov,REMO-PLANT-19,52,Sound,NA,E
fuels_cwd_table_child_big17nov,REMO-PLANT-37,26,Rotten,NA,S
fuels_cwd_table_child_big17nov,REMO-PLANT-04,198,Sound,NA,E
fuels_cwd_table_child_big17nov,REME-THIN-07,8,Rotten,NA,W
fuels_cwd_table_child_big17nov,USGS-114,12,Rotten,IN 15M EXTENSION,W
fuels_cwd_table_child_big17nov,REME-THIN-02,15,Sound,NA,N
fuels_cwd_table_child_big17nov,REMO-PLANT-17,17,Sound,NA,W
fuels_cwd_table_child_big17nov,REME-THIN-07,13,Rotten,NA,N
fuels_cwd_table_child_big17nov,REME-THIN-14,10,Sound,NA,W
fuels_cwd_table_child_big17nov,USGS-114,28,Sound,NA,W
fuels_cwd_table_child_big17nov,REMO-PLANT-05,10,Sound,NA,W
fuels_cwd_table_child_big17nov,REME-THIN-03,31,Rotten,NA,S
fuels_cwd_table_child_big17nov,REME-THIN-07,10,Sound,NA,W
fuels_cwd_table_child_big17nov,USGS-409003,29,Rotten,NA,E
fuels_cwd_table_child_big17nov,REME-THIN-03,29,Sound,NA,S
fuels_cwd_table_child_big17nov,REMO-PLANT-34,28,Rotten,NA,N
fuels_cwd_table_child_big17nov,REME-THIN-03,20,Rotten,NA,W
fuels_cwd_table_child_big17nov,USGS-114,9,Sound,NA,N
fuels_cwd_table_child_big17nov,REMO-PLANT-37,8,Sound,NA,S
fuels_cwd_table_child_big17nov,REMO-PLANT-48,19,Sound,NA,S
fuels_cwd_table_child_big17nov,USGS-114,15,Sound,IN 15M EXTENSION,E
fuels_cwd_table_child_big17nov,REME-THIN-14,43,Sound,NA,N
fuels_cwd_table_child_big17nov,USGS-114,15,Rotten,IN 15M EXTENSION,E
fuels_cwd_table_child_big17nov,USGS-409003,14,Sound,IN 15M EXTENSION,S
fuels_cwd_table_child_big17nov,REMO-PLANT-41,13,Sound,NA,W
fuels_cwd_table_child_big17nov,REMO-PLANT-02,101,Sound,NA,E
fuels_cwd_table_child_big17nov,REMO-PLANT-01,12,Sound,NA,W
fuels_cwd_table_child_big17nov,REMO-PLANT-46,11,Sound,NA,N
fuels_cwd_table_child_big17nov,REMO-PLANT-22,8,Sound,NA,W
fuels_cwd_table_child_big17nov,REME-THIN-12,10,Sound,NA,W
fuels_cwd_table_child_big17nov,REME-THIN-29,38,Sound,NA,N
fuels_cwd_table_child_big17nov,REMO-PLANT-42,12,Sound,NA,W
fuels_cwd_table_child_big17nov,REME-THIN-02,11,Sound,NA,N
fuels_cwd_table_child_big17nov,REMO-PLANT-07,12,Sound,NA,W
fuels_cwd_table_child_big17nov,REME-THIN-02,10,Sound,NA,N
fuels_cwd_table_child_big17nov,REMO-PLANT-06,10,Sound,NA,E
fuels_cwd_table_child_big17nov,REMO-PLANT-10,50,Rotten,NA,E
fuels_cwd_table_child_big17nov,REMO-PLANT-07,29,Sound,NA,S
fuels_cwd_table_child_big17nov,USGS-114,42,Rotten,IN 15M EXTENSION,E
fuels_cwd_table_child_big17nov,REMO-PLANT-27,33,Rotten,NA,W
fuels_cwd_table_child_big17nov,REMO-PLANT-07,25,Sound,NA,E
fuels_cwd_table_child_big17nov,REME-THIN-14,15,Sound,NA,S
fuels_cwd_table_child_big17nov,REME-THIN-03,23,Rotten,NA,S
fuels_cwd_table_child_big17nov,USGS-114,21,Rotten,NA,S
fuels_cwd_table_child_big17nov,REMO-PLANT-33,77,Rotten,NA,S
fuels_cwd_table_child_big17nov,USGS-114,39,Rotten,NA,S
fuels_cwd_table_child_big17nov,REME-THIN-02,11,Rotten,NA,N
fuels_cwd_table_child_big17nov,REMO-PLANT-41,11,Sound,NA,W
fuels_cwd_table_child_big17nov,REME-THIN-07,31,Sound,NA,N
fuels_cwd_table_child_big17nov,REMO-PLANT-17,11,Sound,NA,S
fuels_cwd_table_child_big17nov,USGS-409003,28,Sound,NA,S
fuels_cwd_table_child_big17nov,REMO-PLANT-46,30,Sound,NA,W
fuels_cwd_table_child_big17nov,REME-THIN-06,12,Sound,NA,N
fuels_cwd_table_child_big17nov,REME-THIN-02,15,Sound,NA,N
fuels_cwd_table_child_big17nov,REME-THIN-29,36,Sound,NA,W
fuels_cwd_table_child_big17nov,USGS-122,10,Sound,NA,N
fuels_cwd_table_child_big17nov,USGS-114,12,Rotten,NA,E
fuels_cwd_table_child_big17nov,REMO-PLANT-19,30,Rotten,NA,E
fuels_cwd_table_child_big17nov,USGS-122,12,Sound,NA,S
fuels_cwd_table_child_big17nov,REMO-PLANT-22,8,Sound,NA,W
fuels_cwd_table_child_big17nov,REMO-PLANT-46,10,Sound,NA,N
fuels_cwd_table_child_big17nov,USGS-409003,24,Sound,IN 15M EXTENSION,E
fuels_cwd_table_child_big17nov,REMO-PLANT-13,10,Sound,NA,S
fuels_cwd_table_child_big17nov,USGS-409003,32.5,Sound,NA,W
fuels_cwd_table_child_big17nov,REME-THIN-14,15,Sound,NA,S
fuels_cwd_table_child_big17nov,USGS-114,23,Sound,IN 15M EXTENSION,S
fuels_cwd_table_child_big17nov,REMO-PLANT-01,10,Sound,NA,S
fuels_cwd_table_child_big17nov,REMO-PLANT-33,28,Sound,NA,S
fuels_cwd_table_child_big17nov,REME-THIN-02,9,Sound,NA,E
fuels_cwd_table_child_big17nov,REME-THIN-14,10,Sound,NA,S
fuels_cwd_table_child_big17nov,REME-THIN-02,10,Sound,NA,N
fuels_cwd_table_child_big17nov,USGS-114,15,Sound,IN 15M EXTENSION,E
fuels_cwd_table_child_big17nov,REMO-PLANT-02,24,Rotten,NA,W
fuels_cwd_table_child_big17nov,USGS-122,95,Sound,IN 15M EXTENSION,W
fuels_cwd_table_child_big17nov,REME-THIN-06,11,Sound,NA,W
fuels_cwd_table_child_big17nov,REMO-PLANT-37,9,Sound,NA,S
fuels_cwd_table_child_big17nov,REMO-PLANT-19,16,Sound,NA,E
fuels_cwd_table_child_big17nov,REMO-PLANT-11,62,Sound,NA,S
fuels_cwd_table_child_big17nov,USGS-122,38,Sound,NA,E
fuels_cwd_table_child_big17nov,REME-THIN-29,20,Sound,NA,S
fuels_cwd_table_child_big17nov,REMO-PLANT-22,17,Sound,NA,S
fuels_cwd_table_child_big17nov,USGS-114,18,Rotten,NA,E
fuels_cwd_table_child_big17nov,REMO-PLANT-22,9,Sound,NA,W
fuels_cwd_table_child_big17nov,USGS-114,16,Sound,NA,N
fuels_cwd_table_child_big17nov,REME-THIN-03,16,Sound,NA,W
fuels_cwd_table_child_big17nov,REMO-PLANT-05,10,Sound,NA,N
fuels_cwd_table_child_big17nov,REMO-PLANT-42,9.5,Sound,NA,W
fuels_cwd_table_child_big17nov,REMO-PLANT-05,13,Sound,NA,N
fuels_cwd_table_child_big17nov,REME-THIN-07,10,Sound,NA,W
fuels_cwd_table_child_big17nov,REMO-PLANT-27,31,Rotten,NA,S
fuels_cwd_table_child_big17nov,REMO-PLANT-19,30,Rotten,NA,E
fuels_cwd_table_child_big17nov,REMO-PLANT-07,19,Sound,NA,W
fuels_cwd_table_child_big17nov,REMO-PLANT-10,10,Sound,NA,E
fuels_cwd_table_child_big17nov,REME-THIN-03,13,Rotten,NA,N
fuels_cwd_table_child_big17nov,USGS-114,11,Sound,IN 15M EXTENSION,N
fuels_cwd_table_child_big17nov,REMO-PLANT-41,11,Sound,NA,N
fuels_cwd_table_child_big17nov,REMO-PLANT-50,13,Sound,NA,S
fuels_cwd_table_child_big17nov,REME-THIN-02,13,Sound,NA,N
fuels_cwd_table_child_big17nov,REME-THIN-03,24,Sound,NA,S
fuels_cwd_table_child_big17nov,USGS-122,10,Sound,NA,S
fuels_cwd_table_child_big17nov,REMO-PLANT-33,26,Sound,NA,E
fuels_cwd_table_child_big17nov,REMO-PLANT-48,13,Sound,NA,W
fuels_cwd_table_child_big17nov,USGS-409003,10,Sound,IN 15M EXTENSION,S
fuels_cwd_table_child_big17nov,USGS-122,68,Sound,IN 15M EXTENSION,S
fuels_cwd_table_child_big17nov,REME-THIN-06,23,Sound,NA,W
fuels_cwd_table_child_big17nov,REMO-PLANT-33,34,Sound,NA,W
fuels_cwd_table_child_big17nov,REMO-PLANT-46,8,Sound,NA,N
fuels_cwd_table_child_big17nov,REMO-PLANT-48,17,Sound,NA,N
fuels_cwd_table_child_big17nov,REME-THIN-02,15,Sound,NA,N
fuels_cwd_table_child_big17nov,REMO-PLANT-22,53,Sound,NA,E
fuels_cwd_table_child_big17nov,REMO-PLANT-50,48,Sound,NA,S
fuels_cwd_table_child_big17nov,REMO-PLANT-10,19,Sound,NA,E
fuels_cwd_table_child_big17nov,REMO-PLANT-05,13,Sound,NA,N
fuels_cwd_table_child_big17nov,REME-THIN-12,30,Sound,NA,S
fuels_cwd_table_child_big17nov,REMO-PLANT-50,10,Sound,NA,S
fuels_cwd_table_child_big17nov,REME-THIN-07,15,Sound,NA,S
fuels_cwd_table_child_big17nov,USGS-114,25,Rotten,IN 15M EXTENSION,W
fuels_cwd_table_child_big17nov,REMO-PLANT-04,58,Sound,NA,W
fuels_cwd_table_child_big17nov,REME-THIN-07,36,Sound,NA,N
fuels_cwd_table_child_big17nov,REME-THIN-02,9,Sound,NA,E
fuels_cwd_table_child_big17nov,USGS-122,12,Sound,IN 15M EXTENSION,W
fuels_cwd_table_child_big17nov,REME-THIN-02,14,Sound,NA,N
fuels_cwd_table_child_big17nov,REME-THIN-29,10,Sound,NA,S
fuels_cwd_table_child_big17nov,USGS-122,20,Sound,NA,S
fuels_cwd_table_child_big17nov,USGS-122,13,Sound,IN 15M EXTENSION,W
fuels_cwd_table_child_big17nov,USGS-122,11,Sound,IN 15M EXTENSION,E
fuels_cwd_table_child_big17nov,REMO-PLANT-17,14,Sound,NA,N
fuels_cwd_table_child_big17nov,USGS-122,21,Sound,IN 15M EXTENSION,S
fuels_cwd_table_child_big17nov,REMO-PLANT-33,10,Sound,NA,E
fuels_cwd_table_child_big17nov,USGS-114,9,Sound,NA,N
fuels_cwd_table_child_big17nov,REMO-PLANT-05,8,Sound,NA,N
fuels_cwd_table_child_big17nov,REME-THIN-29,45,Sound,NA,S
fuels_cwd_table_child_big17nov,REMO-PLANT-01,48,Sound,NA,E
fuels_cwd_table_child_big17nov,REME-THIN-02,8,Sound,NA,E
fuels_cwd_table_child_big17nov,REMO-PLANT-02,111,Rotten,NA,W
fuels_cwd_table_child_big17nov,REMO-PLANT-26,9,Sound,NA,S
fuels_cwd_table_child_big17nov,REME-THIN-29,23,Rotten,NA,N
fuels_cwd_table_child_big17nov,REMO-PLANT-46,14,Sound,NA,N
fuels_cwd_table_child_big17nov,REMO-PLANT-41,23,Sound,NA,S
fuels_cwd_table_child_big17nov,REMO-PLANT-42,16,Sound,NA,W
fuels_cwd_table_child_big17nov,REMO-PLANT-29,34,Sound,NA,N
fuels_cwd_table_child_big17nov,REME-THIN-02,23,Sound,NA,N
fuels_cwd_table_child_big17nov,REME-THIN-03,14,Sound,NA,N
fuels_cwd_table_child_big17nov,REMO-PLANT-10,11,Sound,NA,E
fuels_cwd_table_child_big17nov,REMO-PLANT-05,14,Sound,NA,N
fuels_cwd_table_child_big17nov,REMO-PLANT-07,17,Sound,NA,W
fuels_cwd_table_child_big17nov,REMO-PLANT-06,38,Sound,NA,E
fuels_cwd_table_child_big17nov,USGS-122,14,Sound,IN 15M EXTENSION,W
fuels_cwd_table_child_big17nov,USGS-409003,34,Sound,NA,W
fuels_cwd_table_child_big17nov,REMO-PLANT-22,9,Sound,NA,W
fuels_cwd_table_child_big17nov,REMO-PLANT-41,39,Rotten,NA,E
fuels_cwd_table_child_big17nov,REMO-PLANT-41,9,Sound,NA,S
fuels_cwd_table_child_big17nov,REMO-PLANT-48,12,Sound,NA,S
fuels_cwd_table_child_big17nov,REME-THIN-07,45,Rotten,NA,E
fuels_cwd_table_child_lil11nov,GRGR-RX-08,39,Sound,NA,E
fuels_cwd_table_child_lil11nov,EAFR-RX-26,15,Sound,NA,W
fuels_cwd_table_child_lil11nov,ATWE-THIN-18,23,Sound,NA,E
fuels_cwd_table_child_lil11nov,EAFR-RX-23,42,Rotten,NA,E
fuels_cwd_table_child_lil11nov,GRGR-RX-05,13,Sound,NA,E
fuels_cwd_table_child_lil11nov,EAFR-RX-29,16,Rotten,NA,N
fuels_cwd_table_child_lil11nov,ATWE-THIN-19,47,Rotten,NA,E
fuels_cwd_table_child_lil11nov,EAFR-RX-09,21,Sound,NA,N
fuels_cwd_table_child_lil11nov,EAFR-RX-11,16,Rotten,NA,S
fuels_cwd_table_child_lil11nov,EAFR-RX-12,11,Sound,NA,N
fuels_cwd_table_child_lil11nov,ATWE-THIN-19,12,Rotten,NA,N
fuels_cwd_table_child_lil11nov,ATWE-THIN-13,13,Sound,NA,S
fuels_cwd_table_child_lil11nov,GRGR-RX-08,29,Sound,NA,W
fuels_cwd_table_child_lil11nov,EAFR-RX-18,99,Sound,FALSE,S
fuels_cwd_table_child_lil11nov,SECR-THIN-01,25,Sound,NA,E
fuels_cwd_table_child_lil11nov,ATWE-THIN-19,74,Sound,NA,N
fuels_cwd_table_child_lil11nov,EAFR-RX-04,12,Sound,NA,W
fuels_cwd_table_child_lil11nov,EAFR-RX-12,26,Sound,NA,N
fuels_cwd_table_child_lil11nov,EAFR-RX-15,8,Sound,NA,W
fuels_cwd_table_child_lil11nov,EAFR-RX-29,8,Sound,NA,E
fuels_cwd_table_child_lil11nov,GRGR-RX-04,17,Sound,NA,W
fuels_cwd_table_child_lil11nov,SECR-PILE-03,9,Sound,NA,N
fuels_cwd_table_child_lil11nov,ATWE-THIN-19,35,Sound,NA,E
fuels_cwd_table_child_lil11nov,EAFR-RX-04,18,Sound,NA,E
fuels_cwd_table_child_lil11nov,SECR-THIN-01,10,Sound,NA,E
fuels_cwd_table_child_lil11nov,EAFR-RX-06,41,Sound,NA,S
fuels_cwd_table_child_lil11nov,GRGR-RX-02,54,Rotten,NA,E
fuels_cwd_table_child_lil11nov,EAFR-RX-26,72,Rotten,NA,E
fuels_cwd_table_child_lil11nov,ATWE-THIN-31,27,Rotten,NA,E
fuels_cwd_table_child_lil11nov,SECR-PILE-03,28,Rotten,NA,W
fuels_cwd_table_child_lil11nov,SECR-PILE-04,14,Sound,NA,N
fuels_cwd_table_child_lil11nov,EAFR-RX-05,15,Rotten,NA,E
fuels_cwd_table_child_lil11nov,EAFR-RX-18,47,Sound,NA,W
fuels_cwd_table_child_lil11nov,GRGR-RX-05,10,Sound,NA,N
fuels_cwd_table_child_lil11nov,SECR-THIN-01,15,Sound,NA,N
fuels_cwd_table_child_lil11nov,EAFRE-RX-05,9,Rotten,NA,S
fuels_cwd_table_child_lil11nov,EAFR-RX-18,99,Sound,FALSE,S
fuels_cwd_table_child_lil11nov,EAFR-RX-18,99,Sound,FALSE,S
fuels_cwd_table_child_lil11nov,GRGR-RX-04,31,Sound,NA,N
fuels_cwd_table_child_lil11nov,GRGR-RX-08,10,Sound,NA,S
fuels_cwd_table_child_lil11nov,ATWE-THIN-31,26,Rotten,NA,N
fuels_cwd_table_child_lil11nov,EAFR-RX-18,8,Sound,NA,E
fuels_cwd_table_child_lil11nov,EAFR-RX-16,40,Sound,NA,N
fuels_cwd_table_child_lil11nov,EAFR-RX-16,27,Sound,NA,S
fuels_cwd_table_child_lil11nov,SECR-PILE-03,17,Sound,NA,N
fuels_cwd_table_child_lil11nov,EAFR-RX-11,18,Sound,NA,S
fuels_cwd_table_child_lil11nov,GRGR-RX-04,9,Sound,NA,N
fuels_cwd_table_child_lil11nov,GRGR-RX-02,10,Sound,NA,E
fuels_cwd_table_child_lil11nov,ATWE-THIN-19,32,Sound,NA,N
fuels_cwd_table_child_lil11nov,EAFR-RX-18,25,Sound,NA,N
fuels_cwd_table_child_lil11nov,GRGR-RX-04,8,Sound,NA,N
fuels_cwd_table_child_lil11nov,ATWE-THIN-01,17,Sound,NA,S
fuels_cwd_table_child_lil11nov,EAFR-RX-16,31,Rotten,NA,S
fuels_cwd_table_child_lil11nov,GRGR-RX-01,12,Sound,NA,S
fuels_cwd_table_child_lil11nov,EAFR-RX-26,38,Rotten,NA,N
fuels_cwd_table_child_lil11nov,ATWE-THIN-01,10,Sound,NA,S
fuels_cwd_table_child_lil11nov,EAFRE-RX-05,20,Sound,NA,S
fuels_cwd_table_child_lil11nov,EAFR-RX-12,12,Sound,NA,N
fuels_cwd_table_child_lil11nov,ATWE-THIN-01,18,Sound,NA,E
fuels_cwd_table_child_lil11nov,GRGR-RX-05,30,Sound,NA,N
fuels_cwd_table_child_lil11nov,GRGR-RX-04,18,Sound,NA,N
fuels_cwd_table_child_lil11nov,SECR-PILE-04,22,Rotten,NA,S
fuels_cwd_table_child_lil11nov,EAFR-RX-29,8,Sound,NA,N
fuels_cwd_table_child_lil11nov,EAFR-RX-11,39.3,Rotten,NA,S
fuels_cwd_table_child_lil11nov,SECR-PILE-04,12,Sound,NA,E
fuels_cwd_table_child_lil11nov,EAFR-RX-16,33,Sound,NA,N
fuels_cwd_table_child_lil11nov,EAFR-RX-23,20,Rotten,NA,N
fuels_cwd_table_child_lil11nov,EAFR-RX-18,23,Sound,NA,N
fuels_cwd_table_child_lil11nov,GRGR-RX-05,54,Sound,NA,E
fuels_cwd_table_child_lil11nov,SECR-PILE-04,13,Sound,NA,S
fuels_cwd_table_child_lil11nov,EAFR-RX-11,8,Rotten,NA,S
fuels_cwd_table_child_lil11nov,ATWE-THIN-13,9,Rotten,NA,N
fuels_cwd_table_child_lil11nov,EAFR-RX-04,19,Sound,NA,W
fuels_cwd_table_child_lil11nov,GRGR-RX-04,32,Sound,NA,E
fuels_cwd_table_child_lil11nov,EAFR-RX-05,29,Sound,NA,E
fuels_cwd_table_child_lil11nov,GRGR-RX-02,49,Sound,NA,S
fuels_cwd_table_child_lil11nov,SECR-PILE-04,13,Sound,NA,E
fuels_cwd_table_child_lil11nov,ATWE-THIN-01,10,Sound,NA,S
fuels_cwd_table_child_lil11nov,SECR-THIN-O1,21,Sound,NA,W
fuels_cwd_table_child_lil11nov,EAFR-RX-12,14,Sound,NA,N
fuels_cwd_table_child_lil11nov,EAFR-RX-21,8,Sound,NA,E
fuels_cwd_table_child_lil11nov,GRGR-RX-03,13,Sound,NA,S
fuels_cwd_table_child_lil11nov,ATWE-THIN-19,8,Sound,NA,N
fuels_cwd_table_child_lil11nov,SECR-THIN-03,11,Sound,NA,S
fuels_cwd_table_child_lil11nov,EAFR-RX-06,33,Rotten,NA,S
fuels_cwd_table_child_lil11nov,EAFR-RX-09,15,Rotten,NA,W
fuels_cwd_table_child_lil11nov,GRGR-RX-05,11,Sound,NA,N
fuels_cwd_table_child_lil11nov,GRGR-RX-02,8.5,Sound,NA,S
fuels_cwd_table_child_lil11nov,EAFR-RX-05,15,Rotten,NA,E
fuels_cwd_table_child_lil11nov,EAFR-RX-16,19,Rotten,NA,S
fuels_cwd_table_child_lil11nov,ATWE-THIN-13,75,Sound,NA,E
fuels_cwd_table_child_lil11nov,EAFR-RX-29,11,Sound,NA,S
fuels_cwd_table_child_lil11nov,SECR-THIN-01,29,Rotten,NA,N
fuels_cwd_table_child_lil11nov,EAFR-RX-12,12,Rotten,NA,N
fuels_cwd_table_child_lil11nov,EAFR-RX-12,69,Rotten,NA,E
fuels_cwd_table_child_lil11nov,EAFR-RX-16,18,Sound,NA,N
fuels_cwd_table_child_lil11nov,GRGR-RX-02,26,Sound,NA,E
fuels_cwd_table_child_lil11nov,ATWE-THIN-19,8,Rotten,NA,W
fuels_cwd_table_child_lil11nov,EAFR-RX-21,24,Sound,NA,W
fuels_cwd_table_child_lil11nov,EAFR-RX-23,28,Sound,NA,W
fuels_cwd_table_child_lil11nov,EAFR-RX-18,125,Sound,NA,W
fuels_cwd_table_child_lil11nov,GRGR-RX-05,22,Sound,NA,S
fuels_cwd_table_child_lil11nov,GRGR-RX-08,12,Rotten,NA,N
fuels_cwd_table_child_lil11nov,ATWE-THIN-13,12,Sound,NA,S
fuels_cwd_table_child_lil11nov,GRGR-RX-03,14,Sound,NA,N
fuels_cwd_table_child_lil11nov,GRGR-RX-05,20,Sound,NA,N
fuels_cwd_table_child_lil11nov,EAFR-RX-29,18,Sound,NA,E
fuels_cwd_table_child_lil11nov,ATWE-THIN-13,32,Rotten,NA,E
fuels_cwd_table_child_lil11nov,ATWE-THIN-19,8,Sound,NA,S
fuels_cwd_table_child_lil11nov,EAFR-RX-18,20,Sound,NA,W
fuels_cwd_table_child_lil11nov,GRGR-RX-02,15,Sound,NA,E
fuels_cwd_table_child_lil11nov,EAFR-RX-04,29,Sound,NA,N
fuels_cwd_table_child_lil11nov,EAFR-RX-05,8,Rotten,NA,E
fuels_cwd_table_child_lil11nov,EAFR-RX-29,8,Sound,NA,N
fuels_cwd_table_child_lil11nov,EAFR-RX-04,32,Rotten,NA,N
fuels_cwd_table_child_lil11nov,GRGR-RX-10,10,Sound,NA,E
fuels_cwd_table_child_lil11nov,GRGR-RX-08,8,Sound,NA,S
fuels_cwd_table_child_lil11nov,ATWE-THIN-13,12,Sound,NA,W
fuels_cwd_table_child_lil11nov,SECR-PILE-04,30,Rotten,NA,S
fuels_cwd_table_child_lil11nov,GRGR-RX-05,9,Sound,NA,N
fuels_cwd_table_child_lil11nov,EAFR-RX-23,9,Sound,NA,W
fuels_cwd_table_child_lil11nov,SECR-THIN-01,13,Rotten,NA,N
fuels_cwd_table_child_lil11nov,GRGR-RX-02,39,Sound,NA,E
fuels_cwd_table_child_lil11nov,ATWE-THIN-15,19,Rotten,NA,S
fuels_cwd_table_child_lil11nov,ATWE-THIN-13,12,Sound,NA,W
fuels_cwd_table_child_lil11nov,GRGR-RX-10,9,Sound,NA,E
fuels_cwd_table_child_lil11nov,GRGR-RX-05,16,Sound,NA,W
fuels_cwd_table_child_lil11nov,GRGR-RX-08,16,Sound,NA,N
fuels_cwd_table_child_lil11nov,EAFR-RX-18,10,Sound,NA,W
fuels_cwd_table_child_lil11nov,SECR-THIN-01,10,Sound,NA,E
fuels_cwd_table_child_lil11nov,SECR-PILE-02,29,Sound,NA,N
fuels_cwd_table_child_lil11nov,EAFRE-RX-05,26,Sound,NA,S
fuels_cwd_table_child_lil11nov,EAFRE-RX-05,109,Rotten,NA,S
fuels_cwd_table_child_lil11nov,ATWE-THIN-18,94,Rotten,NA,E
fuels_cwd_table_child_lil11nov,SECR-PILE-04,110,Sound,NA,E
fuels_cwd_table_child_lil11nov,EAFR-RX-06,15,Sound,NA,S
fuels_cwd_table_child_lil11nov,SECR-THIN-03,72,Sound,NA,S
fuels_cwd_table_child_lil11nov,EAFR-RX-16,12,Sound,NA,N
fuels_cwd_table_child_lil11nov,EAFR-RX-06,12,Sound,NA,E
fuels_cwd_table_child_lil11nov,EAFR-RX-16,11,Sound,NA,S
fuels_cwd_table_child_lil11nov,EAFR-RX-23,22,Rotten,NA,S
fuels_cwd_table_child_lil11nov,EAFR-RX-09,22,Sound,NA,E
fuels_cwd_table_child_lil11nov,ATWE-THIN-13,32,Sound,NA,N
fuels_cwd_table_child_lil11nov,ATWE-THIN-19,9,Sound,NA,W
fuels_cwd_table_child_lil11nov,EAFR-RX-26,33,Sound,NA,W
fuels_cwd_table_child_lil11nov,EAFR-RX-09,18,Rotten,NA,N
fuels_cwd_table_child_lil11nov,SECR-PILE-02,19,Sound,NA,W
fuels_cwd_table_child_lil11nov,EAFR-RX-26,18,Rotten,NA,E
fuels_cwd_table_child_lil11nov,ATWE-THIN-40,15,Sound,NA,E
fuels_cwd_table_child_lil11nov,EAFR-RX-29,48,Sound,NA,N
fuels_cwd_table_child_lil11nov,ATWE-THIN-15,10,Sound,NA,N
fuels_cwd_table_child_lil11nov,GRGR-RX-10,11,Sound,NA,S
fuels_cwd_table_child_lil11nov,EAFR-RX-05,8,Rotten,NA,N
fuels_cwd_table_child_lil11nov,GRGR-RX-05,10,Sound,NA,N
fuels_cwd_table_child_lil11nov,EAFR-RX-29,9,Sound,NA,W
fuels_cwd_table_child_lil11nov,EAFR-RX-16,15,Sound,NA,S
fuels_cwd_table_child_lil11nov,EAFR-RX-18,51,Sound,NA,N
fuels_cwd_table_child_lil11nov,GRGR-RX-02,32,Rotten,NA,E
fuels_cwd_table_child_lil11nov,GRGR-RX-07,49,Sound,NA,N
fuels_cwd_table_child_lil11nov,EAFR-RX-23,18,Sound,NA,N
fuels_cwd_table_child_lil11nov,EAFR-RX-16,42,Rotten,NA,S
fuels_cwd_table_child_lil11nov,SECR-THIN-04,8,Sound,NA,E
fuels_cwd_table_child_lil11nov,EAFR-RX-04,10,Sound,NA,S
fuels_cwd_table_child_lil11nov,ATWE-THIN-13,11,Sound,NA,S
fuels_cwd_table_child_lil11nov,SECR-THIN-O1,10,Sound,NA,W
fuels_cwd_table_child_lil11nov,EAFRE-RX-05,10,Rotten,NA,S
fuels_cwd_table_child_lil11nov,ATWE-THIN-01,53,Sound,NA,N
fuels_cwd_table_child_lil11nov,EAFR-RX-23,23,Rotten,NA,W
fuels_cwd_table_child_lil11nov,EAFR-RX-21,42,Sound,NA,E
fuels_cwd_table_child_lil11nov,GRGR-RX-08,22,Sound,NA,N
fuels_cwd_table_child_lil11nov,EAFR-RX-21,36,Sound,NA,E
fuels_cwd_table_child_lil11nov,EAFR-RX-04,22,Rotten,NA,E
fuels_cwd_table_child_lil11nov,EAFR-RX-26,9.5,Sound,NA,E
fuels_cwd_table_child_lil11nov,ATWE-THIN-01,8,Sound,NA,W
fuels_cwd_table_child_lil11nov,EAFR-RX-23,32,Rotten,NA,N
fuels_cwd_table_child_lil11nov,EAFR-RX-16,30,Sound,NA,N
fuels_cwd_table_child_lil11nov,ATWE-THIN-19,29,Sound,NA,W
fuels_cwd_table_child_lil11nov,EAFR-RX-06,21,Rotten,NA,N
fuels_cwd_table_child_lil11nov,EAFR-RX-18,99,Sound,FALSE,S
fuels_cwd_table_child_lil11nov,EAFR-RX-09,21,Sound,NA,W
fuels_cwd_table_child_lil11nov,SECR-PILE-04,19,Sound,NA,E
fuels_cwd_table_child_lil11nov,EAFR-RX-04,9,Sound,NA,W
fuels_cwd_table_child_lil11nov,EAFR-RX-21,32,Sound,NA,W
fuels_cwd_table_child_lil11nov,GRGR-RX-05,42,Sound,NA,N
fuels_cwd_table_child_lil11nov,SECR-THIN-04,37,Sound,NA,E
fuels_cwd_table_child_lil11nov,GRGR-RX-04,97,Sound,NA,N
fuels_cwd_table_child_lil11nov,ATWE-THIN-13,41,Rotten,NA,E
fuels_cwd_table_child_lil11nov,SECR-PILE-03,8,Sound,NA,N
fuels_cwd_table_child_lil11nov,SECR-THIN-01,28,Rotten,NA,N
fuels_cwd_table_child_lil11nov,EAFR-RX-26,15,Sound,NA,E
fuels_cwd_table_child_lil11nov,SECR-THIN-01,11,Sound,NA,N
fuels_cwd_table_child_lil11nov,EAFR-RX-12,73,Rotten,NA,N
fuels_cwd_table_child_lil11nov,GRGR-RX-01,25,Sound,NA,N
fuels_cwd_table_child_lil11nov,SECR-THIN-04,51,Rotten,NA,E
fuels_cwd_table_child_lil11nov,ATWE-THIN-13,20,Sound,NA,S
fuels_cwd_table_child_lil11nov,SECR-THIN-03,78,Sound,NA,S
fuels_cwd_table_child_lil11nov,GRGR-RX-02,22,Rotten,NA,N
fuels_cwd_table_child_lil11nov,SECR-THIN-01,14,Sound,NA,N
fuels_cwd_table_child_lil11nov,SECR-THIN-O1,9,Sound,NA,W
fuels_cwd_table_child_lil11nov,SECR-PILE-03,42,Sound,NA,W
fuels_cwd_table_child_lil11nov,ATWE-THIN-19,31,Sound,NA,W
fuels_cwd_table_child_lil11nov,EAFR-RX-09,15,Sound,NA,N
fuels_cwd_table_child_lil11nov,SECR-THIN-03,8.1,Sound,NA,S
fuels_cwd_table_child_lil11nov,EAFR-RX-18,99,Sound,FALSE,S
fuels_cwd_table_child_lil11nov,ATWE-THIN-19,45,Sound,NA,E
fuels_cwd_table_child_lil11nov,EAFR-RX-18,12,Sound,NA,E
fuels_cwd_table_child_lil11nov,ATWE-THIN-13,8,Sound,NA,S
fuels_cwd_table_child_lil11nov,EAFR-RX-23,10,Sound,NA,W
fuels_cwd_table_child_lil11nov,SECR-THIN-O1,19,Sound,NA,W
fuels_cwd_table_child_lil11nov,EAFR-RX-18,55,Rotten,NA,E
fuels_cwd_table_child_lil11nov,EAFR-RX-04,49,Rotten,NA,S
fuels_cwd_table_child_lil11nov,GRGR-RX-04,55,Sound,NA,E
fuels_cwd_table_child_lil11nov,SECR-THIN-04,12,Sound,NA,N
fuels_cwd_table_child_lil11nov,ATWE-THIN-18,14,Sound,NA,N
fuels_cwd_table_child_lil11nov,EAFR-RX-12,11,Sound,NA,N
fuels_cwd_table_child_lil11nov,EAFR-RX-29,8,Sound,NA,N
fuels_cwd_table_child_lil11nov,ATWE-THIN-13,16,Sound,NA,S
fuels_cwd_table_child_lil11nov,SECR-PILE-04,17,Rotten,NA,N
fuels_cwd_table_child_lil11nov,GRGR-RX-07,44,Rotten,NA,W
fuels_cwd_table_child_lil11nov,EAFR-RX-23,24,Rotten,NA,W
fuels_cwd_table_child_lil11nov,ATWE-THIN-40,18,Sound,NA,E
fuels_cwd_table_child_lil11nov,ATWE-THIN-02,110,Rotten,NA,N
fuels_cwd_table_child_lil11nov,EAFR-RX-18,13,Rotten,NA,W
fuels_cwd_table_child_lil11nov,ATWE-THIN-19,49,Rotten,NA,E
fuels_cwd_table_child_lil11nov,ATWE-THIN-31,44,Rotten,NA,W
fuels_cwd_table_child_lil11nov,EAFR-RX-16,13,Sound,NA,N
fuels_cwd_table_child_lil11nov,EAFR-RX-05,21,Sound,NA,E
fuels_cwd_table_child_lil11nov,ATWE-THIN-11,20,Sound,NA,E
fuels_cwd_table_child_lil11nov,EAFR-RX-29,48,Rotten,NA,S
fuels_cwd_table_child_lil11nov,GRGR-RX-08,29,Sound,NA,E
fuels_cwd_table_child_lil11nov,GRGR-RX-01,19,Sound,NA,S
fuels_cwd_table_child_lil11nov,EAFR-RX-16,40,Rotten,NA,S
fuels_cwd_table_child_lil11nov,EAFR-RX-12,54,Rotten,NA,N
fuels_cwd_table_child_lil11nov,EAFR-RX-29,44,Sound,NA,N
fuels_cwd_table_child_lil11nov,ATWE-THIN-15,21,Rotten,NA,S
fuels_cwd_table_child_lil11nov,SECR-THIN-04,62,Rotten,NA,S
fuels_cwd_table_child_lil11nov,SECR-THIN-04,37,Rotten,NA,N
fuels_cwd_table_child_lil11nov,EAFR-RX-04,79,Sound,NA,N
fuels_cwd_table_child_lil11nov,GRGR-RX-02,12,Sound,NA,E
fuels_cwd_table_child_lil11nov,ATWE-THIN-19,8,Sound,NA,E
fuels_cwd_table_child_lil11nov,ATWE-THIN-11,8,Sound,NA,S
fuels_cwd_table_child_lil11nov,GRGR-RX-08,8,Sound,NA,S
fuels_cwd_table_child_lil11nov,EAFR-RX-23,39,Sound,NA,E
fuels_cwd_table_child_lil11nov,EAFR-RX-23,9.5,Sound,NA,E
fuels_cwd_table_child_lil11nov,EAFR-RX-09,9,Sound,NA,N
fuels_cwd_table_child_lil11nov,EAFR-RX-12,28,Rotten,NA,N
fuels_cwd_table_child_lil11nov,ATWE-THIN-13,14,Sound,NA,W
fuels_cwd_table_child_lil11nov,EAFR-RX-23,20,Sound,NA,S
fuels_cwd_table_child_lil11nov,EAFR-RX-04,9,Sound,NA,S
fuels_cwd_table_child_lil11nov,GRGR-RX-05,18,Sound,NA,E
fuels_cwd_table_child_lil11nov,EAFR-RX-26,38,Sound,NA,W
fuels_cwd_table_child_lil11nov,EAFR-RX-23,22,Rotten,NA,N
fuels_cwd_table_child_lil11nov,ATWE-THIN-31,33,Rotten,NA,W
fuels_cwd_table_child_lil11nov,GRGR-RX-05,49,Rotten,NA,E
fuels_cwd_table_child_lil11nov,ATWE-THIN-19,30,Sound,NA,W
fuels_cwd_table_child_lil11nov,ATWE-THIN-15,9,Rotten,NA,S
fuels_cwd_table_child_lil11nov,ATWE-THIN-19,9,Rotten,NA,N
fuels_cwd_table_child_lil11nov,SECR-THIN-01,11,Sound,NA,E
fuels_cwd_table_child_lil11nov,EAFR-RX-16,99,Sound,NA,N
fuels_cwd_table_child_lil11nov,EAFR-RX-09,10,Sound,NA,N
fuels_cwd_table_child_lil11nov,GRGR-RX-05,32,Rotten,NA,S
fuels_cwd_table_child_lil11nov,SECR-PILE-04,11,Sound,NA,S
fuels_cwd_table_child_lil11nov,ATWE-THIN-19,17,Sound,NA,W
fuels_cwd_table_child_lil11nov,GRGR-RX-02,28,Rotten,NA,S
fuels_cwd_table_child_lil11nov,GRGR-RX-04,16,Rotten,NA,N
fuels_cwd_table_child_lil11nov,SECR-THIN-04,61,Sound,NA,E
fuels_cwd_table_child_lil11nov,GRGR-RX-08,32,Rotten,NA,N
fuels_cwd_table_child_lil11nov,GRGR-RX-10,54,Rotten,NA,N
fuels_cwd_table_child_lil11nov,ATWE-THIN-18,10,Sound,NA,N
fuels_cwd_table_child_lil11nov,EAFR-RX-09,12,Sound,NA,N
fuels_cwd_table_child_lil11nov,GRGR-RX-08,8,Sound,NA,S
fuels_cwd_table_child_lil11nov,GRGR-RX-07,59,Sound,NA,N
fuels_cwd_table_child_lil11nov,EAFR-RX-04,13,Rotten,NA,W
fuels_cwd_table_child_lil11nov,EAFR-RX-23,8,Rotten,NA,S
fuels_cwd_table_child_lil11nov,SECR-PILE-03,99,Sound,FAKE ENTRY,E
fuels_cwd_table_child_lil11nov,ATWE-THIN-50,18,Sound,NA,N
fuels_cwd_table_child_lil11nov,ATWE-THIN-13,13,Sound,NA,N
fuels_cwd_table_child_lil11nov,ATWE-THIN-13,20,Sound,NA,W
fuels_cwd_table_child_lil11nov,GRGR-RX-07,12,Sound,NA,E
fuels_cwd_table_child_lil11nov,ATWE-THIN-13,12,Sound,NA,N
fuels_cwd_table_child_lil11nov,ATWE-THIN-40,8,Sound,NA,W
fuels_cwd_table_child_lil11nov,ATWE-THIN-19,10,Sound,NA,N
fuels_cwd_table_child_lil11nov,EAFR-RX-23,30,Rotten,NA,N
fuels_cwd_table_child_lil11nov,GRGR-RX-04,11,Sound,NA,W
fuels_cwd_table_child_lil11nov,GRGR-RX-10,19,Sound,NA,S
fuels_cwd_table_child_lil11nov,GRGR-RX-08,8,Sound,NA,S
fuels_cwd_table_child_lil11nov,EAFR-RX-05,14,Sound,NA,E
fuels_cwd_table_child_lil11nov,EAFR-RX-12,11,Rotten,NA,E
fuels_cwd_table_child_lil11nov,SECR-PILE-03,12,Sound,NA,S
fuels_cwd_table_child_lil11nov,EAFR-RX-12,11,Rotten,NA,N
fuels_cwd_table_child_lil11nov,ATWE-THIN-13,68,Sound,NA,W
fuels_cwd_table_child_lil11nov,EAFR-RX-23,12,Sound,NA,S
fuels_cwd_table_child_lil11nov,SECR-THIN-04,26,Rotten,NA,E
fuels_cwd_table_child_lil11nov,EAFRE-RX-05,37,Rotten,NA,S
fuels_cwd_table_child_lil11nov,EAFRE-RX-05,9,Rotten,NA,S
fuels_cwd_table_child_lil11nov,GRGR-RX-07,8,Sound,NA,S
fuels_cwd_table_child_lil11nov,EAFR-RX-18,110,Sound,NA,W
fuels_cwd_table_child_lil11nov,EAFR-RX-18,9,Sound,NA,N
fuels_cwd_table_child_lil11nov,SECR-PILE-04,14,Sound,NA,E
fuels_cwd_table_child_lil11nov,GRGR-RX-08,8,Sound,NA,S
fuels_cwd_table_child_lil11nov,EAFR-RX-05,11,Rotten,NA,E
fuels_cwd_table_child_lil11nov,ATWE-THIN-13,12,Sound,NA,W
fuels_cwd_table_child_lil11nov,SECR-PILE-04,71,Sound,NA,E
fuels_cwd_table_child_lil11nov,EAFR-RX-12,14,Sound,NA,N
fuels_cwd_table_child_lil11nov,EAFRE-RX-05,39,Rotten,NA,S
fuels_cwd_table_child_lil11nov,EAFR-RX-04,14,Rotten,NA,W
fuels_cwd_table_child_lil11nov,EAFR-RX-04,14,Sound,NA,W
fuels_cwd_table_child_lil11nov,EAFR-RX-11,10.1,Sound,NA,W
fuels_cwd_table_child_lil11nov,ATWE-THIN-19,28,Rotten,NA,W
fuels_cwd_table_child_lil11nov,EAFR-RX-09,14,Sound,NA,W
fuels_cwd_table_child_lil11nov,GRGR-RX-03,10,Sound,NA,W
fuels_cwd_table_child_lil11nov,GRGR-RX-01,48,Sound,NA,W
fuels_cwd_table_child_lil11nov,EAFR-RX-26,16,Rotten,NA,N
fuels_cwd_table_child_lil11nov,ATWE-THIN-40,35,Sound,NA,E
fuels_cwd_table_child_lil11nov,SECR-PILE-04,23,Rotten,NA,E
fuels_cwd_table_child_lil11nov,EAFR-RX-09,16,Sound,NA,W
fuels_cwd_table_child_lil11nov,GRGR-RX-03,17,Sound,NA,E
fuels_cwd_table_child_lil11nov,EAFR-RX-26,50,Sound,NA,N
fuels_cwd_table_child_lil11nov,EAFR-RX-16,8,Sound,NA,N
fuels_cwd_table_child_lil11nov,SECR-THIN-04,29,Rotten,NA,S
fuels_cwd_table_child_lil11nov,EAFR-RX-11,123,Rotten,NA,W
fuels_cwd_table_child_lil11nov,EAFR-RX-11,26,Rotten,NA,W
fuels_cwd_table_child_lil11nov,ATWE-THIN-40,13,Sound,NA,E
fuels_cwd_table_child_lil11nov,ATWE-THIN-01,97,Rotten,NA,N
fuels_cwd_table_child_lil11nov,GRGR-RX-04,36,Sound,NA,N
fuels_cwd_table_child_lil11nov,EAFR-RX-09,16,Rotten,NA,E
fuels_cwd_table_child_lil11nov,ATWE-THIN-13,9,Sound,NA,S
fuels_cwd_table_child_lil11nov,EAFRE-RX-05,120,Sound,NA,S
fuels_cwd_table_child_lil11nov,EAFR-RX-18,12,Sound,NA,S
fuels_cwd_table_child_lil11nov,GRGR-RX-10,65,Sound,NA,E
fuels_cwd_table_child_lil11nov,ATWE-THIN-19,86,Rotten,NA,N
fuels_cwd_table_child_lil11nov,SECR-PILE-04,47,Sound,NA,S
fuels_cwd_table_child_lil11nov,EAFR-RX-11,28,Rotten,NA,S
fuels_cwd_table_child_lil11nov,EAFR-RX-23,10,Sound,NA,W
fuels_cwd_table_child_lil11nov,SECR-THIN-O1,52,Rotten,NA,W
fuels_cwd_table_child_lil11nov,GRGR-RX-08,15,Sound,NA,S
fuels_cwd_table_child_lil11nov,GRGR-RX-01,9,Sound,NA,S
fuels_cwd_table_child_lil11nov,ATWE-THIN-13,49,Sound,NA,S
fuels_cwd_table_child_lil11nov,GRGR-RX-10,16,Sound,NA,W
fuels_cwd_table_child_lil11nov,EAFR-RX-23,10,Sound,NA,S
fuels_cwd_table_child_lil11nov,ATWE-THIN-13,11,Sound,NA,W
fuels_cwd_table_child_lil11nov,EAFR-RX-26,13,Sound,NA,E
fuels_cwd_table_child_lil11nov,GRGR-RX-05,23,Rotten,NA,E
fuels_cwd_table_child_lil11nov,SECR-THIN-O1,22,Sound,NA,W
fuels_cwd_table_child_lil11nov,EAFR-RX-16,39,Rotten,NA,S
fuels_cwd_table_child_lil11nov,ATWE-THIN-40,18,Sound,NA,N
fuels_cwd_table_child_lil11nov,EAFR-RX-06,34,Rotten,NA,S
fuels_cwd_table_child_lil17nov,REME-THIN-15,16,Sound,NA,S
fuels_cwd_table_child_lil17nov,USGS-409001,13,Sound,NA,E
fuels_cwd_table_child_lil17nov,USGS-409001,20,Sound,NA,E
fuels_cwd_table_child_lil17nov,USGS-409005,17,Sound,IN 15M EXTENSION.,N
fuels_cwd_table_child_lil17nov,REME-THIN-23,8,Sound,NA,S
fuels_cwd_table_child_lil17nov,USGS-409001,24,Sound,IN 15M EXTENSION.,N
fuels_cwd_table_child_lil17nov,REME-THIN-10,15,Sound,NA,W
fuels_cwd_table_child_lil17nov,USGS-409005,18,Sound,NA,N
fuels_cwd_table_child_lil17nov,REME-THIN-23,24,Sound,NA,E
fuels_cwd_table_child_lil17nov,REME-THIN-14,10,Sound,NA,W
fuels_cwd_table_child_lil17nov,REME-THIN-14,15,Sound,NA,S
fuels_cwd_table_child_lil17nov,REME-THIN-10,41,Sound,NA,E
fuels_cwd_table_child_lil17nov,REME-THIN-25,16,Sound,NA,N
fuels_cwd_table_child_lil17nov,USGS-409001,16,Sound,NA,W
fuels_cwd_table_child_lil17nov,USGS-409005,21,Sound,IN 15M EXTENSION.,E
fuels_cwd_table_child_lil17nov,USGS-409001,13,Rotten,NA,W
fuels_cwd_table_child_lil17nov,REME-THIN-15,25,Sound,NA,E
fuels_cwd_table_child_lil17nov,REME-THIN-25,9,Sound,NA,S
fuels_cwd_table_child_lil17nov,REME-THIN-11,37,Sound,NA,S
fuels_cwd_table_child_lil17nov,USGS-409005,20,Sound,NA,E
fuels_cwd_table_child_lil17nov,REME-THIN-14,43,Sound,NA,N
fuels_cwd_table_child_lil17nov,USGS-409005,13,Sound,NA,N
fuels_cwd_table_child_lil17nov,REME-THIN-18,13,Sound,NA,E
fuels_cwd_table_child_lil17nov,REME-THIN-15,22,Sound,NA,E
fuels_cwd_table_child_lil17nov,USGS-409001,20,Sound,NA,E
fuels_cwd_table_child_lil17nov,USGS-409005,42,Rotten,IN 15M EXTENSION.,S
fuels_cwd_table_child_lil17nov,USGS-409005,9,Rotten,IN 15M EXTENSION.,W
fuels_cwd_table_child_lil17nov,REME-THIN-23,10,Sound,NA,W
fuels_cwd_table_child_lil17nov,USGS-409001,12,Sound,IN 15M EXTENSION.,E
fuels_cwd_table_child_lil17nov,USGS-409001,18,Sound,NA,E
fuels_cwd_table_child_lil17nov,REME-THIN-23,9,Sound,NA,N
fuels_cwd_table_child_lil17nov,USGS-409005,20,Sound,NA,S
fuels_cwd_table_child_lil17nov,USGS-409001,13,Sound,NA,W
fuels_cwd_table_child_lil17nov,REME-THIN-18,14,Sound,NA,N
fuels_cwd_table_child_lil17nov,REME-THIN-18,13,Sound,NA,E
fuels_cwd_table_child_lil17nov,REME-THIN-10,8,Sound,NA,W
fuels_cwd_table_child_lil17nov,USGS-409001,10,Sound,NA,E
fuels_cwd_table_child_lil17nov,REME-THIN-14,10,Sound,NA,S
fuels_cwd_table_child_lil17nov,REME-THIN-23,16,Sound,NA,E
fuels_cwd_table_child_lil17nov,REME-THIN-18,39,Sound,NA,E
fuels_cwd_table_child_lil17nov,REME-THIN-23,26,Rotten,NA,E
fuels_cwd_table_child_lil17nov,USGS-409001,13,Sound,IN 15M EXTENSION.,N
fuels_cwd_table_child_lil17nov,USGS-409005,16,Sound,NA,E
fuels_cwd_table_child_lil17nov,REME-THIN-26,22,Sound,NA,N
fuels_cwd_table_child_lil17nov,USGS-409001,20,Sound,IN 15M EXTENSION.,N
fuels_cwd_table_child_lil17nov,REME-THIN-11,20,Sound,NA,E
fuels_cwd_table_child_lil17nov,USGS-409005,19,Sound,IN 15M EXTENSION.,E
fuels_cwd_table_child_lil17nov,REME-THIN-11,18,Sound,NA,N
fuels_cwd_table_child_lil17nov,USGS-409001,8,Sound,IN 15M EXTENSION.,W
fuels_cwd_table_child_lil17nov,USGS-409001,19,Sound,IN 15M EXTENSION.,S
fuels_cwd_table_child_lil17nov,REME-THIN-23,9,Sound,NA,N
fuels_cwd_table_child_lil17nov,USGS-409005,20,Sound,NA,W
fuels_cwd_table_child_lil17nov,USGS-409005,27,Sound,NA,N
fuels_cwd_table_child_lil17nov,REME-THIN-18,11,Sound,NA,N
fuels_cwd_table_child_lil17nov,REME-THIN-10,12,Sound,NA,W
fuels_cwd_table_child_lil17nov,USGS-409001,32,Rotten,IN 15M EXTENSION.,W
fuels_cwd_table_child_lil17nov,USGS-409005,14,Sound,NA,N
fuels_cwd_table_child_lil17nov,REME-THIN-10,14,Sound,NA,W
fuels_cwd_table_child_lil17nov,REME-THIN-18,9,Sound,NA,N
fuels_cwd_table_child_lil17nov,USGS-409001,10,Sound,IN 15M EXTENSION.,S
fuels_cwd_table_child_lil17nov,USGS-409001,33,Rotten,NA,N
fuels_cwd_table_child_lil17nov,REME-THIN-26,26,Sound,NA,S
fuels_cwd_table_child_lil17nov,REME-THIN-18,17,Sound,NA,N
fuels_cwd_table_child_lil17nov,REME-THIN-15,12,Sound,NA,S
fuels_cwd_table_child_lil17nov,REME-THIN-10,8,Sound,NA,W
fuels_cwd_table_child_lil17nov,REME-THIN-14,15,Sound,NA,S
fuels_cwd_table_child_lil17nov,USGS-409005,36,Sound,NA,E
fuels_cwd_table_child_lil17nov,REME-THIN-10,18,Rotten,NA,N
fuels_cwd_table_child_lil17nov,USGS-409005,10,Sound,IN 15M EXTENSION.,N
fuels_cwd_table_child_lil17nov,REME-THIN-15,10,Sound,NA,N
fuels_cwd_table_child_lil17nov,USGS-409001,21,Sound,IN 15M EXTENSION.,S
fuels_cwd_table_child_lil17nov,REME-THIN-11,19,Sound,NA,N
fuels_cwd_table_child_lil17nov,REME-THIN-26,22.5,Sound,NA,W
fuels_cwd_table_child_lil17nov,USGS-409001,15,Sound,IN 15M EXTENSION.,E
fuels_cwd_table_child_lil17nov,REME-THIN-25,23,Sound,NA,N
