name,PlotID,Species,LiveStatus,Ht_Class,Ht_LiveCrn_Class,Notes,Tally,Tally1
poles_table_big11nov,NA,NA,NA,NA,NA,NA,1,NA
poles_table_big11nov,ATWE-RX-40,CADE,Live,6 - (DBH; 1.37m - 2m),1HL - (0-0.5m),NA,6,NA
poles_table_big11nov,ATWE-THIN-02,ABCO,Live,6 - (DBH; 1.37m - 2m),1HL - (0-0.5m),NA,3,NA
poles_table_big11nov,ATWE-THIN-04,CADE,Live,8 - (3.1-4m),1HL - (0-0.5m),NA,1,NA
poles_table_big11nov,ATWE-THIN-04,CADE,Dead,8 - (3.1-4m),NA,NA,1,NA
poles_table_big11nov,ATWE-THIN-06,ABCO,Live,9 - (4.1-5m),3HL - (1.1-2m),NA,1,NA
poles_table_big11nov,ATWE-THIN-06,ABCO,Live,7 - (2.1-3m),2HL - (0.51-1m),NA,1,NA
poles_table_big11nov,ATWE-THIN-13,ABCO,Dead,7 - (2.1-3m),NA,NA,1,NA
poles_table_big11nov,ATWE-THIN-13,NA,NA,NA,NA,NA,1,NA
poles_table_big11nov,ATWE-THIN-15,ABCO,Live,6 - (DBH; 1.37m - 2m),1HL - (0-0.5m),NA,2,NA
poles_table_big11nov,ATWE-THIN-15,CADE,Live,7 - (2.1-3m),1HL - (0-0.5m),NA,2,NA
poles_table_big11nov,ATWE-THIN-15,CADE,Live,6 - (DBH; 1.37m - 2m),2HL - (0.51-1m),NA,2,NA
poles_table_big11nov,ATWE-THIN-15,CADE,Live,6 - (DBH; 1.37m - 2m),1HL - (0-0.5m),NA,1,NA
poles_table_big11nov,ATWE-THIN-15,CADE,Dead,6 - (DBH; 1.37m - 2m),NA,NA,1,NA
poles_table_big11nov,ATWE-THIN-15,CADE,Live,8 - (3.1-4m),1HL - (0-0.5m),NA,1,NA
poles_table_big11nov,ATWE-THIN-18,ABCO,Live,9 - (4.1-5m),1HL - (0-0.5m),NA,1,NA
poles_table_big11nov,ATWE-THIN-18,ABCO,Live,6 - (DBH; 1.37m - 2m),1HL - (0-0.5m),NA,2,NA
poles_table_big11nov,ATWE-THIN-19,CADE,Dead,8 - (3.1-4m),NA,NA,1,NA
poles_table_big11nov,ATWE-THIN-19,PILA,Live,7 - (2.1-3m),1HL - (0-0.5m),NA,3,NA
poles_table_big11nov,ATWE-THIN-19,ABCO,Live,6 - (DBH; 1.37m - 2m),1HL - (0-0.5m),NA,1,NA
poles_table_big11nov,ATWE-THIN-19,CADE,Live,6 - (DBH; 1.37m - 2m),1HL - (0-0.5m),NA,9,NA
poles_table_big11nov,ATWE-THIN-19,CADE,Live,7 - (2.1-3m),1HL - (0-0.5m),NA,3,NA
poles_table_big11nov,ATWE-THIN-19,PILA,Live,6 - (DBH; 1.37m - 2m),1HL - (0-0.5m),NA,1,NA
poles_table_big11nov,ATWE-THIN-19,ABCO,Dead,7 - (2.1-3m),1HL - (0-0.5m),STUMP,1,NA
poles_table_big11nov,ATWE-THIN-24,ABCO,Dead,6 - (DBH; 1.37m - 2m),NA,STUMP,1,NA
poles_table_big11nov,ATWE-THIN-25,ABCO,Live,10 - (5.1-6m),1HL - (0-0.5m),NA,3,NA
poles_table_big11nov,ATWE-THIN-25,ABCO,Live,10 - (5.1-6m),2HL - (0.51-1m),NA,1,NA
poles_table_big11nov,ATWE-THIN-25,ABCO,Live,7 - (2.1-3m),2HL - (0.51-1m),NA,1,NA
poles_table_big11nov,ATWE-THIN-25,ABCO,Live,8 - (3.1-4m),1HL - (0-0.5m),NA,1,NA
poles_table_big11nov,ATWE-THIN-25,ABCO,Live,6 - (DBH; 1.37m - 2m),1HL - (0-0.5m),NA,2,NA
poles_table_big11nov,ATWE-THIN-31,ABCO,Live,10 - (5.1-6m),1HL - (0-0.5m),NA,1,NA
poles_table_big11nov,ATWE-THIN-31,ABCO,Live,7 - (2.1-3m),2HL - (0.51-1m),NA,1,NA
poles_table_big11nov,ATWE-THIN-36,PILA,Dead,7 - (2.1-3m),NA,NA,1,NA
poles_table_big11nov,BIST-R-11,CADE,Live,6 - (DBH; 1.37m - 2m),2HL - (0.51-1m),NA,2,NA
poles_table_big11nov,BIST-R-11,ABCO,Live,6 - (DBH; 1.37m - 2m),1HL - (0-0.5m),DEAD TOP,1,NA
poles_table_big11nov,BIST-R-11,PILA,Live,6 - (DBH; 1.37m - 2m),1HL - (0-0.5m),NA,1,NA
poles_table_big11nov,BIST-R-11,NA,NA,NA,NA,NA,NA,NA
poles_table_big11nov,BIST-R-11,NA,NA,NA,NA,NA,NA,NA
poles_table_big11nov,BIST-R-11,NA,NA,NA,NA,NA,NA,NA
poles_table_big11nov,BIST-RX-01,CADE,Live,7 - (2.1-3m),1HL - (0-0.5m),NA,2,NA
poles_table_big11nov,BIST-RX-01,CADE,Live,6 - (DBH; 1.37m - 2m),1HL - (0-0.5m),NA,10,NA
poles_table_big11nov,BIST-RX-01,CADE,Live,7 - (2.1-3m),2HL - (0.51-1m),NA,1,NA
poles_table_big11nov,BIST-RX-01,CADE,Live,6 - (DBH; 1.37m - 2m),3HL - (1.1-2m),NA,1,NA
poles_table_big11nov,BIST-RX-01,CADE,Live,8 - (3.1-4m),1HL - (0-0.5m),NA,1,NA
poles_table_big11nov,BIST-RX-02,QUKE,Live,6 - (DBH; 1.37m - 2m),3HL - (1.1-2m),NA,1,NA
poles_table_big11nov,BIST-RX-02,ABCO,Live,6 - (DBH; 1.37m - 2m),1HL - (0-0.5m),NA,6,NA
poles_table_big11nov,BIST-RX-02,PILA,Live,6 - (DBH; 1.37m - 2m),1HL - (0-0.5m),NA,2,NA
poles_table_big11nov,BIST-RX-02,QUKE,Live,6 - (DBH; 1.37m - 2m),2HL - (0.51-1m),NA,1,NA
poles_table_big11nov,BIST-RX-02,CADE,Live,6 - (DBH; 1.37m - 2m),2HL - (0.51-1m),NA,2,NA
poles_table_big11nov,BIST-RX-02,CADE,Live,6 - (DBH; 1.37m - 2m),1HL - (0-0.5m),NA,1,NA
poles_table_big11nov,BIST-RX-03,NA,NA,NA,NA,NA,1,NA
poles_table_big11nov,BIST-RX-04,ABCO,Live,6 - (DBH; 1.37m - 2m),1HL - (0-0.5m),NA,1,NA
poles_table_big11nov,BIST-RX-04,SASC,Live,7 - (2.1-3m),1HL - (0-0.5m),NA,3,NA
poles_table_big11nov,BIST-RX-04,SASC,Dead,6 - (DBH; 1.37m - 2m),NA,NA,3,NA
poles_table_big11nov,BIST-RX-04,SASC,Dead,7 - (2.1-3m),NA,NA,1,NA
poles_table_big11nov,BIST-RX-04,SASC,Live,12 - (7.1-8m),3HL - (1.1-2m),NA,1,NA
poles_table_big11nov,BIST-RX-04,SASC,Live,11 - (6.1-7m),3HL - (1.1-2m),NA,2,NA
poles_table_big11nov,BIST-RX-04,SASC,Live,8 - (3.1-4m),3HL - (1.1-2m),NA,6,NA
poles_table_big11nov,BIST-RX-04,SASC,Live,6 - (DBH; 1.37m - 2m),3HL - (1.1-2m),NA,1,NA
poles_table_big11nov,BIST-RX-04,SASC,Live,9 - (4.1-5m),3HL - (1.1-2m),NA,1,NA
poles_table_big11nov,BIST-RX-04,SASC,Live,7 - (2.1-3m),3HL - (1.1-2m),NA,2,NA
poles_table_big11nov,BIST-RX-04,SASC,Live,9 - (4.1-5m),4HL - (2.1-3m),NA,4,NA
poles_table_big11nov,BIST-RX-04,SASC,Live,10 - (5.1-6m),5HL - (3.1-4m),NA,2,NA
poles_table_big11nov,BIST-RX-04,SASC,Live,11 - (6.1-7m),5HL - (3.1-4m),NA,1,NA
poles_table_big11nov,BIST-RX-04,SASC,Live,10 - (5.1-6m),3HL - (1.1-2m),NA,5,NA
poles_table_big11nov,BIST-RX-04,SASC,Dead,10 - (5.1-6m),NA,NA,1,NA
poles_table_big11nov,BIST-RX-04,SASC,Live,7 - (2.1-3m),3HL - (1.1-2m),NA,5,NA
poles_table_big11nov,BIST-RX-04,SASC,Live,6 - (DBH; 1.37m - 2m),1HL - (0-0.5m),NA,5,NA
poles_table_big11nov,BIST-RX-04,SASC,Dead,11 - (6.1-7m),NA,NA,1,NA
poles_table_big11nov,BIST-RX-04,SASC,Live,11 - (6.1-7m),3HL - (1.1-2m),NA,1,NA
poles_table_big11nov,BIST-RX-04,SASC,Live,6 - (DBH; 1.37m - 2m),1HL - (0-0.5m),NA,1,NA
poles_table_big11nov,BIST-RX-04,SASC,Live,7 - (2.1-3m),4HL - (2.1-3m),NA,1,NA
poles_table_big11nov,BIST-RX-04,SASC,Live,7 - (2.1-3m),3HL - (1.1-2m),NA,1,NA
poles_table_big11nov,BIST-RX-04,SASC,Live,7 - (2.1-3m),3HL - (1.1-2m),NA,1,NA
poles_table_big11nov,BIST-RX-04,SASC,Live,9 - (4.1-5m),3HL - (1.1-2m),NA,3,NA
poles_table_big11nov,BIST-RX-04,SASC,Live,12 - (7.1-8m),6HL - (4.1-5m),NA,1,NA
poles_table_big11nov,BIST-RX-04,SASC,Dead,9 - (4.1-5m),NA,NA,1,NA
poles_table_big11nov,BIST-RX-04,SASC,Dead,8 - (3.1-4m),NA,NA,1,NA
poles_table_big11nov,BIST-RX-04,SASC,Dead,8 - (3.1-4m),NA,NA,1,NA
poles_table_big11nov,BIST-RX-04,SASC,Dead,9 - (4.1-5m),NA,NA,1,NA
poles_table_big11nov,BIST-RX-04,ABCO,Live,6 - (DBH; 1.37m - 2m),1HL - (0-0.5m),NA,1,NA
poles_table_big11nov,BIST-RX-04,SASC,Live,7 - (2.1-3m),2HL - (0.51-1m),NA,3,NA
poles_table_big11nov,BIST-RX-04,QUKE,Live,8 - (3.1-4m),2HL - (0.51-1m),NA,1,NA
poles_table_big11nov,BIST-RX-05,QUCH,Live,6 - (DBH; 1.37m - 2m),1HL - (0-0.5m),SAD,1,NA
poles_table_big11nov,BIST-RX-05,ABCO,Dead,9 - (4.1-5m),NA,NA,1,NA
poles_table_big11nov,BIST-RX-06,ABCO,Live,6 - (DBH; 1.37m - 2m),1HL - (0-0.5m),NA,1,NA
poles_table_big11nov,BIST-RX-06,ABCO,Live,10 - (5.1-6m),2HL - (0.51-1m),NA,1,NA
poles_table_big11nov,BIST-RX-06,ABCO,Live,6 - (DBH; 1.37m - 2m),1HL - (0-0.5m),NA,6,NA
poles_table_big11nov,BIST-RX-07,CONU,Live,10 - (5.1-6m),3HL - (1.1-2m),NA,2,NA
poles_table_big11nov,BIST-RX-07,CONU,Live,9 - (4.1-5m),4HL - (2.1-3m),NA,2,NA
poles_table_big11nov,BIST-RX-07,CONU,Live,8 - (3.1-4m),2HL - (0.51-1m),NA,2,NA
poles_table_big11nov,BIST-RX-07,CONU,Dead,9 - (4.1-5m),NA,NA,1,NA
poles_table_big11nov,BIST-RX-07,SASC,Live,11 - (6.1-7m),5HL - (3.1-4m),NA,1,NA
poles_table_big11nov,BIST-RX-07,SASC,Live,14 - (>9.1m),4HL - (2.1-3m),NA,1,NA
poles_table_big11nov,BIST-RX-07,SASC,Dead,7 - (2.1-3m),NA,NA,1,NA
poles_table_big11nov,BIST-RX-07,SASC,Live,9 - (4.1-5m),3HL - (1.1-2m),NA,1,NA
poles_table_big11nov,BIST-RX-07,SASC,Live,9 - (4.1-5m),4HL - (2.1-3m),NA,3,NA
poles_table_big11nov,BIST-RX-07,CADE,Live,7 - (2.1-3m),1HL - (0-0.5m),NA,1,NA
poles_table_big11nov,BIST-RX-07,SASC,Dead,9 - (4.1-5m),NA,NA,2,NA
poles_table_big11nov,BIST-RX-07,SASC,Live,9 - (4.1-5m),3HL - (1.1-2m),NA,1,NA
poles_table_big11nov,BIST-RX-07,SASC,Live,9 - (4.1-5m),3HL - (1.1-2m),NA,1,NA
poles_table_big11nov,BIST-RX-07,SASC,Live,7 - (2.1-3m),5HL - (3.1-4m),NA,1,NA
poles_table_big11nov,BIST-RX-07,SASC,Live,7 - (2.1-3m),3HL - (1.1-2m),NA,4,NA
poles_table_big11nov,BIST-RX-07,SASC,Live,10 - (5.1-6m),4HL - (2.1-3m),NA,3,NA
poles_table_big11nov,BIST-RX-07,SASC,Live,10 - (5.1-6m),3HL - (1.1-2m),NA,2,NA
poles_table_big11nov,BIST-RX-07,SASC,Live,6 - (DBH; 1.37m - 2m),3HL - (1.1-2m),NA,2,NA
poles_table_big11nov,BIST-RX-07,CADE,Live,10 - (5.1-6m),2HL - (0.51-1m),NA,1,NA
poles_table_big11nov,BIST-RX-07,CONU,Live,6 - (DBH; 1.37m - 2m),3HL - (1.1-2m),NA,2,NA
poles_table_big11nov,BIST-RX-07,CONU,Live,8 - (3.1-4m),3HL - (1.1-2m),NA,4,NA
poles_table_big11nov,BIST-RX-07,CONU,Live,7 - (2.1-3m),4HL - (2.1-3m),NA,2,NA
poles_table_big11nov,BIST-RX-07,CONU,Live,7 - (2.1-3m),2HL - (0.51-1m),NA,2,NA
poles_table_big11nov,BIST-RX-07,CONU,Live,9 - (4.1-5m),3HL - (1.1-2m),NA,4,NA
poles_table_big11nov,BIST-RX-07,CONU,Live,10 - (5.1-6m),4HL - (2.1-3m),NA,3,NA
poles_table_big11nov,BIST-RX-07,CONU,Live,10 - (5.1-6m),5HL - (3.1-4m),NA,2,NA
poles_table_big11nov,BIST-RX-07,CONU,Live,7 - (2.1-3m),5HL - (3.1-4m),NA,1,NA
poles_table_big11nov,BIST-RX-07,CONU,Live,6 - (DBH; 1.37m - 2m),2HL - (0.51-1m),NA,4,NA
poles_table_big11nov,BIST-RX-07,SASC,Live,11 - (6.1-7m),4HL - (2.1-3m),NA,1,NA
poles_table_big11nov,BIST-RX-07,SASC,Live,6 - (DBH; 1.37m - 2m),3HL - (1.1-2m),NA,1,NA
poles_table_big11nov,BIST-RX-07,SASC,Live,7 - (2.1-3m),3HL - (1.1-2m),NA,1,NA
poles_table_big11nov,BIST-RX-08,ABCO,Live,6 - (DBH; 1.37m - 2m),2HL - (0.51-1m),NA,2,NA
poles_table_big11nov,BIST-RX-08,PILA,Live,7 - (2.1-3m),3HL - (1.1-2m),NA,1,NA
poles_table_big11nov,BIST-RX-08,ABCO,Live,8 - (3.1-4m),2HL - (0.51-1m),NA,1,NA
poles_table_big11nov,BIST-RX-08,ABCO,Dead,6 - (DBH; 1.37m - 2m),NA,NA,1,NA
poles_table_big11nov,BIST-RX-08,ABCO,Live,6 - (DBH; 1.37m - 2m),1HL - (0-0.5m),NA,1,NA
poles_table_big11nov,BIST-RX-08,ABCO,Live,10 - (5.1-6m),3HL - (1.1-2m),NA,1,NA
poles_table_big11nov,BIST-RX-08,CADE,Live,9 - (4.1-5m),4HL - (2.1-3m),NA,1,NA
poles_table_big11nov,BIST-RX-08,ABCO,Live,9 - (4.1-5m),3HL - (1.1-2m),NA,1,NA
poles_table_big11nov,BIST-RX-08,ABCO,Live,10 - (5.1-6m),2HL - (0.51-1m),NA,1,NA
poles_table_big11nov,BIST-RX-08,QUKE,Dead,6 - (DBH; 1.37m - 2m),NA,NA,1,NA
poles_table_big11nov,BIST-RX-08,ABCO,Live,10 - (5.1-6m),5HL - (3.1-4m),NA,1,NA
poles_table_big11nov,BIST-RX-10,PILA,Live,6 - (DBH; 1.37m - 2m),1HL - (0-0.5m),DEAD TOP,1,NA
poles_table_big11nov,BIST-RX-10,PILA,Live,8 - (3.1-4m),1HL - (0-0.5m),NA,2,NA
poles_table_big11nov,BIST-RX-10,PILA,Live,9 - (4.1-5m),1HL - (0-0.5m),NA,1,NA
poles_table_big11nov,BIST-RX-10,PILA,Live,7 - (2.1-3m),1HL - (0-0.5m),NA,1,NA
poles_table_big11nov,BIST-RX-10,ABCO,Live,6 - (DBH; 1.37m - 2m),1HL - (0-0.5m),NA,1,NA
poles_table_big11nov,BIST-RX-11,PILA,Live,6 - (DBH; 1.37m - 2m),1HL - (0-0.5m),DEAD TOP,1,NA
poles_table_big11nov,BIST-RX-11,PILA,Live,8 - (3.1-4m),1HL - (0-0.5m),NA,2,NA
poles_table_big11nov,BIST-RX-11,PILA,Live,9 - (4.1-5m),1HL - (0-0.5m),NA,1,NA
poles_table_big11nov,BIST-RX-11,PILA,Live,7 - (2.1-3m),1HL - (0-0.5m),NA,1,NA
poles_table_big11nov,BIST-RX-11,ABCO,Live,6 - (DBH; 1.37m - 2m),1HL - (0-0.5m),NA,1,NA
poles_table_big11nov,BIST-RX-12,ABCO,Live,6 - (DBH; 1.37m - 2m),2HL - (0.51-1m),NA,1,NA
poles_table_big11nov,BIST-RX-12,ABCO,Live,6 - (DBH; 1.37m - 2m),1HL - (0-0.5m),NA,1,NA
poles_table_big11nov,BIST-RX-12,SASC,Live,6 - (DBH; 1.37m - 2m),3HL - (1.1-2m),NA,6,NA
poles_table_big11nov,BIST-RX-12,SASC,Live,7 - (2.1-3m),3HL - (1.1-2m),NA,2,NA
poles_table_big11nov,BIST-RX-12,SASC,Live,6 - (DBH; 1.37m - 2m),1HL - (0-0.5m),NA,5,NA
poles_table_big11nov,BIST-RX-12,SASC,Dead,6 - (DBH; 1.37m - 2m),NA,NA,3,NA
poles_table_big11nov,BIST-RX-12,SASC,Live,8 - (3.1-4m),3HL - (1.1-2m),NA,2,NA
poles_table_big11nov,BIST-RX-12,SASC,Live,6 - (DBH; 1.37m - 2m),2HL - (0.51-1m),NA,1,NA
poles_table_big11nov,BIST-RX-13,ABCO,Live,6 - (DBH; 1.37m - 2m),2HL - (0.51-1m),NA,1,NA
poles_table_big11nov,BIST-RX-13,ABCO,Live,7 - (2.1-3m),3HL - (1.1-2m),NA,1,NA
poles_table_big11nov,BIST-RX-13,ABCO,Live,9 - (4.1-5m),1HL - (0-0.5m),NA,1,NA
poles_table_big11nov,BIST-RX-13,ABCO,Live,10 - (5.1-6m),4HL - (2.1-3m),NA,1,NA
poles_table_big11nov,EAFR-RX-04,ABCO,Live,8 - (3.1-4m),1HL - (0-0.5m),NA,2,NA
poles_table_big11nov,EAFR-RX-04,ABCO,Live,6 - (DBH; 1.37m - 2m),1HL - (0-0.5m),NA,2,NA
poles_table_big11nov,EAFR-RX-04,PILA,Live,6 - (DBH; 1.37m - 2m),1HL - (0-0.5m),NA,1,NA
poles_table_big11nov,EAFR-RX-04,ABCO,Live,11 - (6.1-7m),2HL - (0.51-1m),NA,1,NA
poles_table_big11nov,EAFR-RX-04,SEGI,Dead,9 - (4.1-5m),NA,NA,1,NA
poles_table_big11nov,EAFR-RX-07,NONE,NA,NA,NA,NA,1,NA
poles_table_big11nov,EAFR-RX-08,ABCO,Live,6 - (DBH; 1.37m - 2m),2HL - (0.51-1m),NA,3,NA
poles_table_big11nov,EAFR-RX-08,CADE,Live,6 - (DBH; 1.37m - 2m),1HL - (0-0.5m),NA,1,NA
poles_table_big11nov,EAFR-RX-08,PILA,Live,6 - (DBH; 1.37m - 2m),1HL - (0-0.5m),NA,2,NA
poles_table_big11nov,EAFR-RX-08,ABCO,Live,7 - (2.1-3m),1HL - (0-0.5m),NA,1,NA
poles_table_big11nov,EAFR-RX-16,CADE,Live,9 - (4.1-5m),3HL - (1.1-2m),NA,1,NA
poles_table_big11nov,EAFR-RX-16,CADE,Live,9 - (4.1-5m),3HL - (1.1-2m),NA,1,NA
poles_table_big11nov,EAFR-RX-20,ABCO,Live,7 - (2.1-3m),2HL - (0.51-1m),NA,244,NA
poles_table_big11nov,EAFR-RX-20,ABCO,Live,6 - (DBH; 1.37m - 2m),1HL - (0-0.5m),NA,256,NA
poles_table_big11nov,EAFR-RX-20,ABCO,Live,8 - (3.1-4m),2HL - (0.51-1m),NA,28,NA
poles_table_big11nov,EAFR-RX-20,SEGI,Live,8 - (3.1-4m),3HL - (1.1-2m),NA,8,NA
poles_table_big11nov,EAFR-RX-20,SEGI,Live,7 - (2.1-3m),2HL - (0.51-1m),NA,24,NA
poles_table_big11nov,EAFR-RX-20,SEGI,Live,6 - (DBH; 1.37m - 2m),2HL - (0.51-1m),NA,4,NA
poles_table_big11nov,EAFR-RX-21,ABCO,Live,7 - (2.1-3m),1HL - (0-0.5m),NA,32,NA
poles_table_big11nov,EAFR-RX-21,ABCO,Live,6 - (DBH; 1.37m - 2m),1HL - (0-0.5m),NA,130,NA
poles_table_big11nov,EAFR-RX-21,PILA,Live,6 - (DBH; 1.37m - 2m),1HL - (0-0.5m),NA,7,NA
poles_table_big11nov,EAFR-RX-21,CADE,Live,6 - (DBH; 1.37m - 2m),1HL - (0-0.5m),NA,1,NA
poles_table_big11nov,EAFR-RX-21,ABCO,Live,8 - (3.1-4m),1HL - (0-0.5m),NA,9,NA
poles_table_big11nov,EAFR-RX-22,ABCO,Live,7 - (2.1-3m),1HL - (0-0.5m),NA,59,NA
poles_table_big11nov,EAFR-RX-22,ABCO,Live,6 - (DBH; 1.37m - 2m),1HL - (0-0.5m),NA,11,NA
poles_table_big11nov,EAFR-RX-22,ABCO,Dead,7 - (2.1-3m),NA,NA,3,NA
poles_table_big11nov,EAFR-RX-22,ABCO,Live,8 - (3.1-4m),3HL - (1.1-2m),NA,8,NA
poles_table_big11nov,EAFR-RX-22,ABCO,Live,9 - (4.1-5m),3HL - (1.1-2m),NA,1,NA
poles_table_big11nov,EAFR-RX-22,ABCO,Live,11 - (6.1-7m),3HL - (1.1-2m),NA,1,NA
poles_table_big11nov,EAFR-RX-22,PIPO,Live,6 - (DBH; 1.37m - 2m),1HL - (0-0.5m),NA,1,NA
poles_table_big11nov,EAFR-RX-22,PIPO,Live,11 - (6.1-7m),4HL - (2.1-3m),NA,1,NA
poles_table_big11nov,EAFR-RX-22,CADE,Live,7 - (2.1-3m),2HL - (0.51-1m),NA,3,NA
poles_table_big11nov,EAFR-RX-22,QUCH,Live,7 - (2.1-3m),3HL - (1.1-2m),NA,1,NA
poles_table_big11nov,EAFR-RX-22,ABCO,Live,11 - (6.1-7m),2HL - (0.51-1m),NA,2,NA
poles_table_big11nov,EAFR-RX-22,ABCO,Live,8 - (3.1-4m),2HL - (0.51-1m),NA,3,NA
poles_table_big11nov,EAFR-RX-22,CADE,Live,8 - (3.1-4m),2HL - (0.51-1m),NA,3,NA
poles_table_big11nov,EAFR-RX-22,ABCO,Live,10 - (5.1-6m),2HL - (0.51-1m),NA,5,NA
poles_table_big11nov,EAFR-RX-22,ABCO,Dead,6 - (DBH; 1.37m - 2m),NA,NA,1,NA
poles_table_big11nov,EAFR-RX-22,ABCO,Live,6 - (DBH; 1.37m - 2m),2HL - (0.51-1m),NA,1,NA
poles_table_big11nov,EAFR-RX-22,ABCO,Dead,7 - (2.1-3m),NA,NA,1,NA
poles_table_big11nov,EAFR-RX-22,SEGI,Dead,8 - (3.1-4m),NA,NA,2,NA
poles_table_big11nov,EAFR-RX-22,SEGI,Dead,7 - (2.1-3m),NA,NA,1,NA
poles_table_big11nov,EAFR-RX-22,CADE,Dead,8 - (3.1-4m),NA,NA,1,NA
poles_table_big11nov,EAFR-RX-22,ABCO,Live,10 - (5.1-6m),2HL - (0.51-1m),NA,4,NA
poles_table_big11nov,EAFR-RX-22,SEGI,Live,8 - (3.1-4m),2HL - (0.51-1m),NA,4,NA
poles_table_big11nov,EAFR-RX-22,SEGI,Live,13 - (8.1-9m),3HL - (1.1-2m),NA,4,NA
poles_table_big11nov,EAFR-RX-22,SEGI,Live,9 - (4.1-5m),2HL - (0.51-1m),NA,4,NA
poles_table_big11nov,EAFR-RX-22,SEGI,Dead,9 - (4.1-5m),NA,NA,1,NA
poles_table_big11nov,EAFR-RX-22,ABCO,Live,11 - (6.1-7m),2HL - (0.51-1m),NA,5,NA
poles_table_big11nov,EAFR-RX-22,ABCO,Dead,7 - (2.1-3m),NA,NA,1,NA
poles_table_big11nov,EAFR-RX-22,SEGI,Live,9 - (4.1-5m),5HL - (3.1-4m),NA,1,NA
poles_table_big11nov,EAFR-RX-22,SEGI,Live,10 - (5.1-6m),5HL - (3.1-4m),NA,1,NA
poles_table_big11nov,EAFR-RX-22,SEGI,Live,11 - (6.1-7m),4HL - (2.1-3m),NA,1,NA
poles_table_big11nov,EAFR-RX-22,ABCO,Live,8 - (3.1-4m),2HL - (0.51-1m),NA,13,NA
poles_table_big11nov,EAFR-RX-22,ABCO,Live,7 - (2.1-3m),2HL - (0.51-1m),NA,25,NA
poles_table_big11nov,EAFR-RX-22,ABCO,Live,9 - (4.1-5m),2HL - (0.51-1m),NA,10,NA
poles_table_big11nov,EAFR-RX-22,ABCO,Live,8 - (3.1-4m),2HL - (0.51-1m),NA,2,NA
poles_table_big11nov,EAFR-RX-22,PIPO,Live,13 - (8.1-9m),2HL - (0.51-1m),NA,1,NA
poles_table_big11nov,EAFR-RX-22,PIPO,Live,9 - (4.1-5m),2HL - (0.51-1m),NA,1,NA
poles_table_big11nov,EAFR-RX-22,ABCO,Live,12 - (7.1-8m),2HL - (0.51-1m),NA,1,NA
poles_table_big11nov,EAFR-RX-22,ABCO,Live,10 - (5.1-6m),2HL - (0.51-1m),NA,1,NA
poles_table_big11nov,EAFR-RX-22,ABCO,Dead,8 - (3.1-4m),NA,NA,1,NA
poles_table_big11nov,EAFR-RX-22,ABCO,Live,6 - (DBH; 1.37m - 2m),1HL - (0-0.5m),NA,16,NA
poles_table_big11nov,EAFR-RX-22,ABCO,Dead,6 - (DBH; 1.37m - 2m),NA,NA,1,NA
poles_table_big11nov,EAFR-RX-22,ABCO,Live,7 - (2.1-3m),1HL - (0-0.5m),NA,10,NA
poles_table_big11nov,EAFR-RX-22,ABCO,Live,8 - (3.1-4m),1HL - (0-0.5m),NA,1,NA
poles_table_big11nov,EAFR-RX-22,ABCO,Live,6 - (DBH; 1.37m - 2m),2HL - (0.51-1m),NA,1,NA
poles_table_big11nov,EAFR-RX-22,QUKE,Live,6 - (DBH; 1.37m - 2m),1HL - (0-0.5m),NA,2,NA
poles_table_big11nov,EAFR-RX-22,ABCO,Live,6 - (DBH; 1.37m - 2m),1HL - (0-0.5m),NA,31,NA
poles_table_big11nov,EAFR-RX-22,ABCO,Live,7 - (2.1-3m),1HL - (0-0.5m),NA,15,NA
poles_table_big11nov,EAFR-RX-22,CADE,Dead,7 - (2.1-3m),1HL - (0-0.5m),NA,1,NA
poles_table_big11nov,EAFR-RX-22,ABCO,Dead,6 - (DBH; 1.37m - 2m),NA,NA,4,NA
poles_table_big11nov,EAFR-RX-22,ABCO,Live,8 - (3.1-4m),1HL - (0-0.5m),NA,6,NA
poles_table_big11nov,EAFR-RX-22,PIPO,Live,6 - (DBH; 1.37m - 2m),2HL - (0.51-1m),NA,1,NA
poles_table_big11nov,EAFR-RX-22,ABCO,Live,9 - (4.1-5m),2HL - (0.51-1m),NA,4,NA
poles_table_big11nov,EAFR-RX-22,QUCH,Live,8 - (3.1-4m),2HL - (0.51-1m),NA,1,NA
poles_table_big11nov,EAFR-RX-22,CADE,Dead,6 - (DBH; 1.37m - 2m),NA,NA,1,NA
poles_table_big11nov,EAFR-RX-22,SEGI,Dead,6 - (DBH; 1.37m - 2m),NA,NA,1,NA
poles_table_big11nov,EAFR-RX-22,SEGI,Live,9 - (4.1-5m),4HL - (2.1-3m),NA,1,NA
poles_table_big11nov,EAFR-RX-22,SEGI,Live,7 - (2.1-3m),2HL - (0.51-1m),NA,1,NA
poles_table_big11nov,EAFR-RX-22,SEGI,Dead,7 - (2.1-3m),NA,NA,3,NA
poles_table_big11nov,EAFR-RX-22,CADE,Live,7 - (2.1-3m),1HL - (0-0.5m),NA,1,NA
poles_table_big11nov,EAFR-RX-22,SEGI,Dead,8 - (3.1-4m),NA,NA,1,NA
poles_table_big11nov,EAFR-RX-22,ABCO,Dead,8 - (3.1-4m),NA,NA,1,NA
poles_table_big11nov,EAFR-RX-26,ABCO,Live,6 - (DBH; 1.37m - 2m),1HL - (0-0.5m),NA,1,NA
poles_table_big11nov,EAFR-RX-26,ABCO,Live,11 - (6.1-7m),1HL - (0-0.5m),NA,1,NA
poles_table_big11nov,EAFR-RX-26,CADE,Live,6 - (DBH; 1.37m - 2m),1HL - (0-0.5m),NA,1,NA
poles_table_big11nov,EAFR-RX-26,CADE,Live,7 - (2.1-3m),2HL - (0.51-1m),NA,1,NA
poles_table_big11nov,EAFR-RX-26,PILA,Live,9 - (4.1-5m),1HL - (0-0.5m),NA,1,NA
poles_table_big11nov,EAFR-RX-26,PILA,Live,6 - (DBH; 1.37m - 2m),1HL - (0-0.5m),NA,1,NA
poles_table_big11nov,EAFR-RX-26,PILA,Live,8 - (3.1-4m),1HL - (0-0.5m),NA,1,NA
poles_table_big11nov,EAFR-RX-26,CADE,Live,6 - (DBH; 1.37m - 2m),1HL - (0-0.5m),NA,1,NA
poles_table_big11nov,GRGR-RX-01,PIPO,Live,7 - (2.1-3m),1HL - (0-0.5m),NA,1,NA
poles_table_big11nov,GRGR-RX-01,PIPO,Live,6 - (DBH; 1.37m - 2m),1HL - (0-0.5m),NA,1,NA
poles_table_big11nov,GRGR-RX-01,SEGI,Live,6 - (DBH; 1.37m - 2m),1HL - (0-0.5m),NA,1,NA
poles_table_big11nov,GRGR-RX-02,PIPO,Live,6 - (DBH; 1.37m - 2m),2HL - (0.51-1m),NA,4,NA
poles_table_big11nov,GRGR-RX-02,SEGI,Live,6 - (DBH; 1.37m - 2m),1HL - (0-0.5m),NA,24,NA
poles_table_big11nov,GRGR-RX-02,ABCO,Live,7 - (2.1-3m),1HL - (0-0.5m),NA,3,NA
poles_table_big11nov,GRGR-RX-02,ABCO,Live,6 - (DBH; 1.37m - 2m),1HL - (0-0.5m),NA,6,NA
poles_table_big11nov,GRGR-RX-02,PIPO,Live,7 - (2.1-3m),2HL - (0.51-1m),NA,2,NA
poles_table_big11nov,GRGR-RX-02,SEGI,Live,7 - (2.1-3m),2HL - (0.51-1m),NA,11,NA
poles_table_big11nov,GRGR-RX-02,SEGI,Live,6 - (DBH; 1.37m - 2m),2HL - (0.51-1m),NA,3,NA
poles_table_big11nov,GRGR-RX-02,PIPO,Live,8 - (3.1-4m),2HL - (0.51-1m),NA,3,NA
poles_table_big11nov,GRGR-RX-02,SEGI,Live,7 - (2.1-3m),1HL - (0-0.5m),NA,7,NA
poles_table_big11nov,GRGR-RX-02,PIPO,Live,7 - (2.1-3m),3HL - (1.1-2m),NA,1,NA
poles_table_big11nov,GRGR-RX-02,SEGI,Live,7 - (2.1-3m),3HL - (1.1-2m),NA,4,NA
poles_table_big11nov,GRGR-RX-02,SEGI,Live,8 - (3.1-4m),3HL - (1.1-2m),NA,3,NA
poles_table_big11nov,GRGR-RX-02,SEGI,Live,8 - (3.1-4m),2HL - (0.51-1m),NA,1,NA
poles_table_big11nov,GRGR-RX-02,SEGI,Live,6 - (DBH; 1.37m - 2m),3HL - (1.1-2m),NA,1,NA
poles_table_big11nov,GRGR-RX-02,PIPO,Live,7 - (2.1-3m),1HL - (0-0.5m),NA,1,NA
poles_table_big11nov,GRGR-RX-02,PIPO,Live,6 - (DBH; 1.37m - 2m),3HL - (1.1-2m),NA,1,NA
poles_table_big11nov,GRGR-RX-02,PIPO,Live,8 - (3.1-4m),1HL - (0-0.5m),NA,1,NA
poles_table_big11nov,GRGR-RX-02,PIPO,Live,6 - (DBH; 1.37m - 2m),1HL - (0-0.5m),NA,4,NA
poles_table_big11nov,GRGR-RX-02,CADE,Live,6 - (DBH; 1.37m - 2m),1HL - (0-0.5m),NA,4,NA
poles_table_big11nov,GRGR-RX-02,QUKE,Live,6 - (DBH; 1.37m - 2m),1HL - (0-0.5m),NA,1,NA
poles_table_big11nov,GRGR-RX-02,PILA,Dead,7 - (2.1-3m),NA,NA,1,NA
poles_table_big11nov,GRGR-RX-03,SEGI,Live,6 - (DBH; 1.37m - 2m),2HL - (0.51-1m),NA,19,NA
poles_table_big11nov,GRGR-RX-03,ABCO,Live,7 - (2.1-3m),2HL - (0.51-1m),NA,1,NA
poles_table_big11nov,GRGR-RX-03,ABCO,Live,6 - (DBH; 1.37m - 2m),1HL - (0-0.5m),NA,9,NA
poles_table_big11nov,GRGR-RX-03,SEGI,Live,7 - (2.1-3m),2HL - (0.51-1m),NA,11,NA
poles_table_big11nov,GRGR-RX-03,SEGI,Live,8 - (3.1-4m),2HL - (0.51-1m),NA,5,NA
poles_table_big11nov,GRGR-RX-03,SEGI,Live,6 - (DBH; 1.37m - 2m),1HL - (0-0.5m),NA,6,NA
poles_table_big11nov,GRGR-RX-03,SEGI,Live,6 - (DBH; 1.37m - 2m),3HL - (1.1-2m),NA,2,NA
poles_table_big11nov,GRGR-RX-03,SEGI,Dead,6 - (DBH; 1.37m - 2m),NA,NA,1,NA
poles_table_big11nov,GRGR-RX-03,SEGI,Live,7 - (2.1-3m),3HL - (1.1-2m),NA,1,NA
poles_table_big11nov,GRGR-RX-03,ABCO,Live,7 - (2.1-3m),1HL - (0-0.5m),NA,2,NA
poles_table_big11nov,GRGR-RX-03,SEGI,Live,9 - (4.1-5m),3HL - (1.1-2m),NA,1,NA
poles_table_big11nov,GRGR-RX-03,SEGI,Live,8 - (3.1-4m),3HL - (1.1-2m),NA,1,NA
poles_table_big11nov,GRGR-RX-03,SEGI,Live,6 - (DBH; 1.37m - 2m),1HL - (0-0.5m),NA,8,NA
poles_table_big11nov,GRGR-RX-03,SEGI,Live,8 - (3.1-4m),1HL - (0-0.5m),NA,1,NA
poles_table_big11nov,GRGR-RX-03,SEGI,Live,7 - (2.1-3m),1HL - (0-0.5m),NA,3,NA
poles_table_big11nov,GRGR-RX-03,PIPO,Live,6 - (DBH; 1.37m - 2m),1HL - (0-0.5m),NA,3,NA
poles_table_big11nov,GRGR-RX-03,PIPO,Live,7 - (2.1-3m),1HL - (0-0.5m),NA,3,NA
poles_table_big11nov,GRGR-RX-03,PIPO,Live,7 - (2.1-3m),2HL - (0.51-1m),NA,1,NA
poles_table_big11nov,GRGR-RX-03,PIPO,Live,10 - (5.1-6m),2HL - (0.51-1m),NA,1,NA
poles_table_big11nov,GRGR-RX-03,PIPO,Live,9 - (4.1-5m),2HL - (0.51-1m),NA,2,NA
poles_table_big11nov,GRGR-RX-03,SEGI,Live,9 - (4.1-5m),1HL - (0-0.5m),NA,1,NA
poles_table_big11nov,GRGR-RX-03,CADE,Live,6 - (DBH; 1.37m - 2m),1HL - (0-0.5m),NA,1,NA
poles_table_big11nov,GRGR-RX-03,SEGI,Live,10 - (5.1-6m),2HL - (0.51-1m),NA,1,NA
poles_table_big11nov,GRGR-RX-04,PIPO,Live,6 - (DBH; 1.37m - 2m),1HL - (0-0.5m),PIPOJE,1,NA
poles_table_big11nov,GRGR-RX-05,PILA,Live,7 - (2.1-3m),1HL - (0-0.5m),NA,1,NA
poles_table_big11nov,GRGR-RX-05,PIPO,Live,6 - (DBH; 1.37m - 2m),2HL - (0.51-1m),PIPOJE,1,NA
poles_table_big11nov,GRGR-RX-05,PILA,Live,7 - (2.1-3m),3HL - (1.1-2m),NA,1,NA
poles_table_big11nov,GRGR-RX-05,PIPO,Live,7 - (2.1-3m),1HL - (0-0.5m),PIPOJE,1,NA
poles_table_big11nov,GRGR-RX-05,ABCO,Live,6 - (DBH; 1.37m - 2m),1HL - (0-0.5m),NA,1,NA
poles_table_big11nov,GRGR-RX-05,PILA,Live,6 - (DBH; 1.37m - 2m),1HL - (0-0.5m),NA,1,NA
poles_table_big11nov,GRGR-RX-05,PIPO,Live,6 - (DBH; 1.37m - 2m),1HL - (0-0.5m),NA,1,NA
poles_table_big11nov,GRGR-RX-06,ABCO,Live,7 - (2.1-3m),1HL - (0-0.5m),NA,2,NA
poles_table_big11nov,GRGR-RX-06,ABCO,Dead,7 - (2.1-3m),NA,NA,1,NA
poles_table_big11nov,GRGR-RX-06,ABCO,Live,8 - (3.1-4m),3HL - (1.1-2m),NA,1,NA
poles_table_big11nov,GRGR-RX-06,ABCO,Live,9 - (4.1-5m),1HL - (0-0.5m),NA,2,NA
poles_table_big11nov,GRGR-RX-06,ABCO,Dead,11 - (6.1-7m),NA,NA,1,NA
poles_table_big11nov,GRGR-RX-06,ABCO,Live,8 - (3.1-4m),1HL - (0-0.5m),NA,1,NA
poles_table_big11nov,GRGR-RX-06,CADE,Live,6 - (DBH; 1.37m - 2m),1HL - (0-0.5m),NA,1,NA
poles_table_big11nov,GRGR-RX-06,ABCO,Live,7 - (2.1-3m),3HL - (1.1-2m),NA,1,NA
poles_table_big11nov,GRGR-RX-06,ABCO,Dead,8 - (3.1-4m),NA,NA,1,NA
poles_table_big11nov,GRGR-RX-06,ABCO,Live,9 - (4.1-5m),3HL - (1.1-2m),NA,1,NA
poles_table_big11nov,GRGR-RX-07,CADE,Live,9 - (4.1-5m),2HL - (0.51-1m),NA,1,NA
poles_table_big11nov,GRGR-RX-07,PILA,Live,6 - (DBH; 1.37m - 2m),1HL - (0-0.5m),NA,1,NA
poles_table_big11nov,GRGR-RX-08,PILA,Live,6 - (DBH; 1.37m - 2m),1HL - (0-0.5m),NA,2,NA
poles_table_big11nov,GRGR-RX-09,PIPO,Live,6 - (DBH; 1.37m - 2m),1HL - (0-0.5m),PIPOJE,1,NA
poles_table_big11nov,GRGR-RX-10,PILA,Live,6 - (DBH; 1.37m - 2m),1HL - (0-0.5m),NA,1,NA
poles_table_big11nov,GRGR-RX-11,PIPO,Live,7 - (2.1-3m),3HL - (1.1-2m),NA,1,NA
poles_table_big11nov,GRGR-RX-11,ABCO,Live,6 - (DBH; 1.37m - 2m),2HL - (0.51-1m),NA,3,NA
poles_table_big11nov,GRGR-RX-11,ABCO,Live,7 - (2.1-3m),1HL - (0-0.5m),NA,1,NA
poles_table_big11nov,GRGR-RX-11,PILA,Live,7 - (2.1-3m),3HL - (1.1-2m),NA,1,NA
poles_table_big11nov,GRGR-RX-11,SEGI,Live,6 - (DBH; 1.37m - 2m),2HL - (0.51-1m),NA,1,NA
poles_table_big11nov,GRGR-RX-11,SEGI,Live,9 - (4.1-5m),4HL - (2.1-3m),NA,1,NA
poles_table_big11nov,GRGR-RX-11,SEGI,Live,10 - (5.1-6m),3HL - (1.1-2m),NA,1,NA
poles_table_big11nov,GRGR-RX-11,PIPO,Live,6 - (DBH; 1.37m - 2m),2HL - (0.51-1m),NA,1,NA
poles_table_big11nov,GRGR-RX-11,PILA,Live,6 - (DBH; 1.37m - 2m),2HL - (0.51-1m),NA,1,NA
poles_table_big11nov,GRGR-RX-11,PILA,Live,7 - (2.1-3m),2HL - (0.51-1m),NA,2,NA
poles_table_big11nov,GRGR-RX-11,PIPO,Live,6 - (DBH; 1.37m - 2m),1HL - (0-0.5m),NA,1,NA
poles_table_big11nov,GRGR-RX-11,PILA,Live,6 - (DBH; 1.37m - 2m),1HL - (0-0.5m),NA,1,NA
poles_table_big11nov,GRGR-RX-11,SEGI,Live,9 - (4.1-5m),3HL - (1.1-2m),NA,3,NA
poles_table_big11nov,GRGR-RX-11,SEGI,Live,11 - (6.1-7m),3HL - (1.1-2m),NA,1,NA
poles_table_big11nov,GRGR-RX-11,SEGI,Live,7 - (2.1-3m),3HL - (1.1-2m),NA,2,NA
poles_table_big11nov,GRGR-RX-11,SEGI,Live,8 - (3.1-4m),2HL - (0.51-1m),VERY SAD,1,NA
poles_table_big11nov,GRGR-RX-11,SEGI,Live,10 - (5.1-6m),4HL - (2.1-3m),NA,1,NA
poles_table_big11nov,GRGR-RX-11,ABCO,Live,6 - (DBH; 1.37m - 2m),1HL - (0-0.5m),NA,2,NA
poles_table_big11nov,GRGR-RX-11,SEGI,Dead,7 - (2.1-3m),NA,NA,1,NA
poles_table_big11nov,REME-THIN-11,PILA,Live,7 - (2.1-3m),3HL - (1.1-2m),NA,1,NA
poles_table_big11nov,REME-THIN-11,PILA,Dead,6 - (DBH; 1.37m - 2m),NA,NA,3,NA
poles_table_big11nov,REME-THIN-11,PILA,Dead,7 - (2.1-3m),NA,NA,5,NA
poles_table_big11nov,REME-THIN-11,QUKE,Dead,6 - (DBH; 1.37m - 2m),NA,NA,1,NA
poles_table_big11nov,SECR-THIN-02,ABCO,Live,6 - (DBH; 1.37m - 2m),1HL - (0-0.5m),NA,9,NA
poles_table_big11nov,SECR-THIN-02,CADE,Live,6 - (DBH; 1.37m - 2m),1HL - (0-0.5m),NA,1,NA
poles_table_big11nov,SECR-THIN-02,CONU,Live,6 - (DBH; 1.37m - 2m),1HL - (0-0.5m),NA,15,NA
poles_table_big11nov,SECR-THIN-02,CONU,Live,6 - (DBH; 1.37m - 2m),2HL - (0.51-1m),NA,8,NA
poles_table_big11nov,SECR-THIN-02,CONU,Live,7 - (2.1-3m),1HL - (0-0.5m),NA,15,NA
poles_table_big11nov,SECR-THIN-02,CONU,Live,7 - (2.1-3m),2HL - (0.51-1m),NA,3,NA
poles_table_big11nov,SECR-THIN-02,CONU,Live,7 - (2.1-3m),3HL - (1.1-2m),NA,6,NA
poles_table_big11nov,SECR-THIN-02,CONU,Live,8 - (3.1-4m),1HL - (0-0.5m),NA,19,NA
poles_table_big11nov,SECR-THIN-02,CONU,Live,9 - (4.1-5m),1HL - (0-0.5m),NA,4,NA
poles_table_big11nov,SECR-THIN-02,CONU,Live,9 - (4.1-5m),2HL - (0.51-1m),NA,2,NA
poles_table_big11nov,SECR-THIN-05,PIPO,Live,6 - (DBH; 1.37m - 2m),1HL - (0-0.5m),NA,3,NA
poles_table_big11nov,SECR-THIN-05,SEGI,Live,6 - (DBH; 1.37m - 2m),1HL - (0-0.5m),NA,2,NA
poles_table_big17nov,REMO-PLANT-48,CONU,Dead,10 - (5.1-6m),NA,NA,1,NA
poles_table_big17nov,REMO-PLANT-48,ABCO,Dead,6 - (DBH; 1.37m - 2m),NA,NA,1,NA
poles_table_big17nov,REMO-PLANT-48,PIXX,Dead,6 - (DBH; 1.37m - 2m),NA,NA,1,NA
poles_table_big17nov,REMO-PLANT-48,ABCO,Dead,10 - (5.1-6m),NA,NA,1,NA
poles_table_big17nov,REMO-PLANT-48,ABCO,Dead,8 - (3.1-4m),NA,NA,1,NA
poles_table_big17nov,REMO-PLANT-48,CADE,Dead,8 - (3.1-4m),NA,NA,1,NA
poles_table_big17nov,REMO-PLANT-17,ABCO,Dead,9 - (4.1-5m),NA,NA,1,NA
poles_table_big17nov,REMO-PLANT-17,ABCO,Dead,8 - (3.1-4m),NA,NA,2,NA
poles_table_big17nov,REMO-PLANT-17,ABCO,Dead,6 - (DBH; 1.37m - 2m),NA,NA,3,NA
poles_table_big17nov,REMO-PLANT-17,ABCO,Dead,7 - (2.1-3m),NA,NA,1,NA
poles_table_big17nov,REMO-PLANT-46,ABCO,Dead,6 - (DBH; 1.37m - 2m),NA,NA,2,NA
poles_table_big17nov,REMO-PLANT-46,ABCO,Dead,9 - (4.1-5m),NA,NA,2,NA
poles_table_big17nov,REMO-PLANT-46,ABCO,Dead,8 - (3.1-4m),NA,NA,2,NA
poles_table_big17nov,REMO-PLANT-46,CADE,Dead,7 - (2.1-3m),NA,NA,1,NA
poles_table_big17nov,REMO-PLANT-46,ABCO,Dead,10 - (5.1-6m),NA,NA,1,NA
poles_table_big17nov,REMO-PLANT-46,ABCO,Dead,7 - (2.1-3m),NA,NA,5,NA
poles_table_big17nov,REMO-PLANT-42,ABCO,Dead,10 - (5.1-6m),NA,NA,4,NA
poles_table_big17nov,REMO-PLANT-42,ABCO,Dead,7 - (2.1-3m),NA,NA,6,NA
poles_table_big17nov,REMO-PLANT-42,ABCO,Dead,8 - (3.1-4m),NA,NA,3,NA
poles_table_big17nov,REMO-PLANT-42,ABCO,Dead,9 - (4.1-5m),NA,NA,4,NA
poles_table_big17nov,REMO-PLANT-42,ABCO,Dead,6 - (DBH; 1.37m - 2m),NA,NA,4,NA
poles_table_big17nov,REMO-PLANT-42,CADE,Dead,10 - (5.1-6m),NA,NA,1,NA
poles_table_big17nov,REMO-PLANT-42,CADE,Dead,6 - (DBH; 1.37m - 2m),NA,NA,3,NA
poles_table_big17nov,REMO-PLANT-33,ABCO,Dead,6 - (DBH; 1.37m - 2m),NA,NA,27,NA
poles_table_big17nov,REMO-PLANT-33,QUKE,Dead,6 - (DBH; 1.37m - 2m),NA,NA,5,NA
poles_table_big17nov,REMO-PLANT-33,ABCO,Dead,8 - (3.1-4m),NA,NA,2,NA
poles_table_big17nov,REMO-PLANT-33,ABCO,Dead,10 - (5.1-6m),NA,NA,6,NA
poles_table_big17nov,REMO-PLANT-33,ABCO,Dead,7 - (2.1-3m),NA,NA,3,NA
poles_table_big17nov,REMO-PLANT-33,SEGI,Dead,9 - (4.1-5m),NA,NA,3,NA
poles_table_big17nov,REMO-PLANT-22,ABCO,Dead,9 - (4.1-5m),NA,NA,1,NA
poles_table_big17nov,REMO-PLANT-22,ABCO,Dead,7 - (2.1-3m),NA,NA,2,NA
poles_table_big17nov,REMO-PLANT-10,ABCO,Dead,6 - (DBH; 1.37m - 2m),NA,NA,4,NA
poles_table_big17nov,REMO-PLANT-10,SEGI,Dead,7 - (2.1-3m),NA,NA,2,NA
poles_table_big17nov,REMO-PLANT-10,ABCO,Dead,10 - (5.1-6m),NA,NA,2,NA
poles_table_big17nov,REMO-PLANT-10,CADE,Dead,10 - (5.1-6m),NA,NA,1,NA
poles_table_big17nov,REMO-PLANT-10,CADE,Dead,7 - (2.1-3m),NA,NA,3,NA
poles_table_big17nov,REMO-PLANT-37,ABCO,Dead,10 - (5.1-6m),NA,NA,3,NA
poles_table_big17nov,REMO-PLANT-37,CADE,Dead,9 - (4.1-5m),NA,NA,1,NA
poles_table_big17nov,REMO-PLANT-37,ABCO,Dead,8 - (3.1-4m),NA,NA,2,NA
poles_table_big17nov,REMO-PLANT-37,CADE,Dead,8 - (3.1-4m),NA,NA,2,NA
poles_table_big17nov,REMO-PLANT-37,ABCO,Dead,6 - (DBH; 1.37m - 2m),NA,NA,1,NA
poles_table_big17nov,REMO-PLANT-37,PIPO,Dead,8 - (3.1-4m),NA,NA,1,NA
poles_table_big17nov,REMO-PLANT-37,ABCO,Dead,7 - (2.1-3m),NA,NA,1,NA
poles_table_big17nov,REMO-PLANT-37,CADE,Dead,10 - (5.1-6m),NA,NA,1,NA
poles_table_big17nov,REMO-PLANT-37,ABCO,Dead,11 - (6.1-7m),NA,NA,2,NA
poles_table_big17nov,REMO-PLANT-06,ABCO,Dead,9 - (4.1-5m),NA,NA,1,NA
poles_table_big17nov,REMO-PLANT-06,ABCO,Dead,7 - (2.1-3m),NA,NA,3,NA
poles_table_big17nov,REMO-PLANT-06,ABCO,Dead,11 - (6.1-7m),NA,NA,1,NA
poles_table_big17nov,REMO-PLANT-06,ABCO,Dead,6 - (DBH; 1.37m - 2m),NA,NA,1,NA
poles_table_big17nov,REMO-PLANT-06,CADE,Dead,9 - (4.1-5m),NA,NA,1,NA
poles_table_big17nov,REMO-PLANT-02,ABCO,Dead,7 - (2.1-3m),NA,NA,1,NA
poles_table_big17nov,REMO-PLANT-50,ABCO,Dead,8 - (3.1-4m),NA,NA,3,NA
poles_table_big17nov,REMO-PLANT-50,ABCO,Dead,6 - (DBH; 1.37m - 2m),NA,NA,3,NA
poles_table_big17nov,REMO-PLANT-50,ABCO,Dead,7 - (2.1-3m),NA,NA,1,NA
poles_table_big17nov,REMO-PLANT-50,SEGI,Dead,14 - (>9.1m),NA,NA,1,NA
poles_table_big17nov,REMO-PLANT-13,ABCO,Dead,12 - (7.1-8m),NA,NA,1,NA
poles_table_big17nov,REMO-PLANT-13,ABCO,Dead,6 - (DBH; 1.37m - 2m),NA,NA,1,NA
poles_table_big17nov,REMO-PLANT-19,ABCO,Dead,9 - (4.1-5m),NA,NA,5,NA
poles_table_big17nov,REMO-PLANT-19,ABCO,Dead,6 - (DBH; 1.37m - 2m),NA,NA,9,NA
poles_table_big17nov,REMO-PLANT-19,ABCO,Dead,7 - (2.1-3m),NA,NA,7,NA
poles_table_big17nov,REMO-PLANT-19,ABCO,Dead,8 - (3.1-4m),NA,NA,9,NA
poles_table_big17nov,REMO-PLANT-19,ABCO,Dead,10 - (5.1-6m),NA,NA,3,NA
poles_table_big17nov,REMO-PLANT-19,CADE,Dead,9 - (4.1-5m),NA,NA,2,NA
poles_table_big17nov,REMO-PLANT-19,CADE,Dead,6 - (DBH; 1.37m - 2m),NA,NA,1,NA
poles_table_big17nov,REMO-PLANT-19,CADE,Dead,7 - (2.1-3m),NA,NA,2,NA
poles_table_big17nov,REMO-PLANT-18,ABCO,Dead,11 - (6.1-7m),NA,NA,1,NA
poles_table_big17nov,REMO-PLANT-18,ABCO,Dead,9 - (4.1-5m),NA,NA,4,NA
poles_table_big17nov,REMO-PLANT-18,ABCO,Dead,7 - (2.1-3m),NA,NA,8,NA
poles_table_big17nov,REMO-PLANT-18,ABCO,Dead,6 - (DBH; 1.37m - 2m),NA,NA,14,NA
poles_table_big17nov,REMO-PLANT-18,ABCO,Dead,8 - (3.1-4m),NA,NA,2,NA
poles_table_big17nov,REMO-PLANT-18,ABCO,Dead,10 - (5.1-6m),NA,NA,1,NA
poles_table_big17nov,REMO-PLANT-04,ABCO,Dead,7 - (2.1-3m),NA,NA,3,NA
poles_table_big17nov,REMO-PLANT-04,ABCO,Dead,6 - (DBH; 1.37m - 2m),NA,NA,2,NA
poles_table_big17nov,REMO-PLANT-04,CONU,Dead,6 - (DBH; 1.37m - 2m),NA,NA,2,NA
poles_table_big17nov,REMO-PLANT-04,CONU,Dead,7 - (2.1-3m),NA,NA,7,NA
poles_table_big17nov,REMO-PLANT-04,CONU,Dead,8 - (3.1-4m),NA,NA,3,NA
poles_table_big17nov,REMO-PLANT-04,CONU,Dead,9 - (4.1-5m),NA,NA,1,NA
poles_table_big17nov,REMO-PLANT-04,CADE,Dead,6 - (DBH; 1.37m - 2m),NA,NA,1,NA
poles_table_big17nov,REMO-PLANT-04,ABCO,Dead,8 - (3.1-4m),NA,NA,2,NA
poles_table_big17nov,REMO-PLANT-04,CADE,Dead,7 - (2.1-3m),NA,NA,1,NA
poles_table_big17nov,REMO-PLANT-27,ABCO,Dead,6 - (DBH; 1.37m - 2m),NA,NA,2,NA
poles_table_big17nov,REMO-PLANT-27,SEGI,Live,6 - (DBH; 1.37m - 2m),NA,SO IMPRESSIVE! LIVE POLE!,2,NA
poles_table_big17nov,REMO-PLANT-27,ABCO,Dead,7 - (2.1-3m),NA,NA,1,NA
poles_table_big17nov,REMO-PLANT-27,ABCO,Dead,10 - (5.1-6m),NA,NA,2,NA
poles_table_big17nov,REMO-PLANT-27,SEGI,Dead,9 - (4.1-5m),NA,NA,2,NA
poles_table_big17nov,REMO-PLANT-27,SEGI,Dead,7 - (2.1-3m),NA,NA,5,NA
poles_table_big17nov,REMO-PLANT-27,NA,NA,NA,NA,NA,NA,NA
poles_table_big17nov,REMO-PLANT-27,NA,NA,NA,NA,NA,NA,NA
poles_table_big17nov,REMO-PLANT-11,ABCO,Dead,6 - (DBH; 1.37m - 2m),NA,NA,7,NA
poles_table_big17nov,REMO-PLANT-11,CONU,Live,6 - (DBH; 1.37m - 2m),NA,NA,160,NA
poles_table_big17nov,REMO-PLANT-11,CONU,Dead,6 - (DBH; 1.37m - 2m),NA,NA,2,NA
poles_table_big17nov,REMO-PLANT-11,CONU,Dead,7 - (2.1-3m),NA,NA,5,NA
poles_table_big17nov,REMO-PLANT-11,CONU,Dead,8 - (3.1-4m),NA,NA,4,NA
poles_table_big17nov,REMO-PLANT-11,CONU,Dead,9 - (4.1-5m),NA,NA,1,NA
poles_table_big17nov,REMO-PLANT-11,ABCO,Dead,8 - (3.1-4m),NA,NA,2,NA
poles_table_big17nov,REMO-PLANT-11,CONU,Dead,10 - (5.1-6m),NA,NA,2,NA
poles_table_big17nov,REMO-PLANT-11,CONU,Dead,12 - (7.1-8m),NA,NA,1,NA
poles_table_big17nov,REMO-PLANT-11,CONU,Dead,11 - (6.1-7m),NA,NA,1,NA
poles_table_big17nov,REMO-PLANT-11,CONU,Live,7 - (2.1-3m),NA,NA,11,NA
poles_table_big17nov,REMO-PLANT-11,CONU,Dead,9 - (4.1-5m),NA,NA,1,NA
poles_table_big17nov,REMO-PLANT-11,ABCO,Dead,8 - (3.1-4m),NA,NA,1,NA
poles_table_big17nov,REMO-PLANT-05,ABCO,Dead,8 - (3.1-4m),NA,NA,1,NA
poles_table_big17nov,REMO-PLANT-41,SEGI,Dead,6 - (DBH; 1.37m - 2m),NA,NA,1,NA
poles_table_big17nov,REMO-PLANT-41,SEGI,Dead,7 - (2.1-3m),NA,NA,1,NA
poles_table_big17nov,REMO-PLANT-41,ABCO,Dead,6 - (DBH; 1.37m - 2m),NA,NA,1,NA
poles_table_big17nov,REMO-PLANT-01,ABCO,Dead,7 - (2.1-3m),NA,NA,1,NA
poles_table_big17nov,REMO-PLANT-01,ABCO,Dead,6 - (DBH; 1.37m - 2m),NA,NA,2,NA
poles_table_big17nov,REMO-PLANT-01,SEGI,Dead,8 - (3.1-4m),NA,NA,3,NA
poles_table_big17nov,REMO-PLANT-29,ABCO,Dead,8 - (3.1-4m),NA,NA,9,NA
poles_table_big17nov,REMO-PLANT-29,ABCO,Dead,6 - (DBH; 1.37m - 2m),NA,NA,4,NA
poles_table_big17nov,REMO-PLANT-29,QUKE,Dead,7 - (2.1-3m),NA,NA,1,NA
poles_table_big17nov,REMO-PLANT-29,QUKE,Dead,6 - (DBH; 1.37m - 2m),NA,NA,1,NA
poles_table_big17nov,REMO-PLANT-29,ABCO,Dead,9 - (4.1-5m),NA,NA,4,NA
poles_table_big17nov,REMO-PLANT-29,ABCO,Dead,7 - (2.1-3m),NA,NA,5,NA
poles_table_big17nov,REMO-PLANT-29,ABCO,Dead,10 - (5.1-6m),NA,NA,2,NA
poles_table_big17nov,REMO-PLANT-29,ABCO,Dead,11 - (6.1-7m),NA,NA,2,NA
poles_table_big17nov,REMO-PLANT-34,QUKE,Live,6 - (DBH; 1.37m - 2m),1HL - (0-0.5m),NA,3,NA
poles_table_big17nov,REMO-PLANT-34,ABCO,Dead,6 - (DBH; 1.37m - 2m),NA,NA,1,NA
poles_table_big17nov,REMO-PLANT-26,ABCO,Dead,6 - (DBH; 1.37m - 2m),NA,NA,3,NA
poles_table_big17nov,REMO-PLANT-26,ABCO,Dead,9 - (4.1-5m),NA,NA,1,NA
poles_table_big17nov,REMO-PLANT-26,PIPO,Dead,9 - (4.1-5m),NA,NA,1,NA
poles_table_big17nov,REMO-PLANT-26,SEGI,Dead,7 - (2.1-3m),NA,NA,2,NA
poles_table_big17nov,REMO-PLANT-26,QUKE,Dead,6 - (DBH; 1.37m - 2m),NA,NA,1,NA
poles_table_big17nov,REMO-PLANT-26,QUKE,Live,7 - (2.1-3m),1HL - (0-0.5m),NA,12,NA
poles_table_big17nov,REMO-PLANT-26,QUKE,Live,6 - (DBH; 1.37m - 2m),1HL - (0-0.5m),NA,79,NA
poles_table_big17nov,REMO-PLANT-26,PILA,Dead,9 - (4.1-5m),NA,NA,1,NA
poles_table_big17nov,REMO-PLANT-26,SEGI,Dead,9 - (4.1-5m),NA,NA,1,NA
poles_table_big17nov,REMO-PLANT-26,SEGI,Dead,6 - (DBH; 1.37m - 2m),NA,NA,1,NA
poles_table_big17nov,REMO-PLANT-26,QUCH,Dead,6 - (DBH; 1.37m - 2m),NA,NA,1,NA
poles_table_big17nov,REMO-PLANT-26,QUKE,Live,7 - (2.1-3m),3HL - (1.1-2m),NA,7,NA
poles_table_big17nov,REMO-PLANT-26,SEGI,Dead,8 - (3.1-4m),NA,NA,2,NA
poles_table_big17nov,REMO-PLANT-26,ABCO,Dead,7 - (2.1-3m),NA,NA,1,NA
poles_table_big17nov,REMO-PLANT-26,SEGI,Dead,10 - (5.1-6m),NA,NA,1,NA
poles_table_big17nov,REMO-PLANT-26,ABOC,Dead,10 - (5.1-6m),NA,NA,1,NA
poles_table_big17nov,REMO-PLANT-14,CADE,Dead,9 - (4.1-5m),NA,NA,1,NA
poles_table_big17nov,REMO-PLANT-14,ABCO,Dead,6 - (DBH; 1.37m - 2m),NA,NA,5,NA
poles_table_big17nov,REMO-PLANT-14,ABCO,Dead,9 - (4.1-5m),NA,NA,1,NA
poles_table_big17nov,REMO-PLANT-14,SEGI,Dead,8 - (3.1-4m),NA,NA,1,NA
poles_table_big17nov,REMO-PLANT-25,ABCO,Dead,6 - (DBH; 1.37m - 2m),NA,NA,1,NA
poles_table_big17nov,REMO-PLANT-25,SEGI,Dead,7 - (2.1-3m),NA,NA,1,NA
poles_table_big17nov,REMO-PLANT-39,SEGI,Dead,6 - (DBH; 1.37m - 2m),NA,NA,1,NA
poles_table_big17nov,REMO-PLANT-39,SEGI,Dead,11 - (6.1-7m),NA,NA,1,NA
poles_table_big17nov,REMO-PLANT-39,SEGI,Dead,9 - (4.1-5m),NA,NA,1,NA
poles_table_big17nov,REMO-PLANT-16,ABCO,Dead,8 - (3.1-4m),NA,NA,1,NA
poles_table_big17nov,REMO-PLANT-16,SEGI,Dead,8 - (3.1-4m),NA,NA,2,NA
poles_table_big17nov,REMO-PLANT-16,SEGI,Dead,7 - (2.1-3m),NA,NA,1,NA
poles_table_big17nov,REMO-PLANT-16,SEGI,Dead,9 - (4.1-5m),NA,NA,2,NA
poles_table_big17nov,REMO-PLANT-16,CONU,Live,6 - (DBH; 1.37m - 2m),NA,NA,10,NA
poles_table_big17nov,REMO-PLANT-16,SEGI,Live,12 - (7.1-8m),NA,NA,1,NA
poles_table_big17nov,REMO-PLANT-38,CONU,Dead,6 - (DBH; 1.37m - 2m),NA,NA,2,NA
poles_table_big17nov,REMO-PLANT-38,CONU,Live,6 - (DBH; 1.37m - 2m),1HL - (0-0.5m),NA,64,NA
poles_table_big17nov,REMO-PLANT-38,CONU,Live,7 - (2.1-3m),1HL - (0-0.5m),NA,67,NA
poles_table_big17nov,REMO-PLANT-38,CONU,Live,8 - (3.1-4m),1HL - (0-0.5m),NA,56,NA
poles_table_big17nov,REMO-PLANT-38,CONU,Live,9 - (4.1-5m),1HL - (0-0.5m),NA,9,NA
poles_table_big17nov,REMO-PLANT-38,CADE,Dead,10 - (5.1-6m),NA,NA,1,NA
poles_table_big17nov,REMO-PLANT-38,SEGI,Dead,7 - (2.1-3m),NA,NA,2,NA
poles_table_big17nov,REMO-PLANT-38,SEGI,Dead,9 - (4.1-5m),NA,NA,1,NA
poles_table_big17nov,REMO-PLANT-38,SEGI,Dead,8 - (3.1-4m),NA,NA,1,NA
poles_table_big17nov,REMO-PLANT-38,SEGI,Dead,6 - (DBH; 1.37m - 2m),NA,NA,3,NA
poles_table_big17nov,REMO-PLANT-38,CONU,Dead,9 - (4.1-5m),NA,NA,1,NA
poles_table_big17nov,REMO-PLANT-38,CADE,Dead,12 - (7.1-8m),NA,NA,1,NA
poles_table_big17nov,REMO-PLANT-38,CONU,Dead,7 - (2.1-3m),NA,BRANCHES ATTACHED TO HORIZONTAL TREE,1,NA
poles_table_big17nov,REMO-PLANT-38,CONU,Dead,9 - (4.1-5m),NA,BRANCHES ATTACHED TO HORIZONTAL TREE,1,NA
poles_table_big17nov,REMO-PLANT-38,CONU,Dead,6 - (DBH; 1.37m - 2m),NA,BRANCHES ATTACHED TO HORIZONTAL TREE,1,NA
poles_table_big17nov,REMO-PLANT-38,CONU,Live,6 - (DBH; 1.37m - 2m),1HL - (0-0.5m),NA,21,NA
poles_table_big17nov,REMO-PLANT-38,CONU,Live,7 - (2.1-3m),1HL - (0-0.5m),NA,27,NA
poles_table_big17nov,REMO-PLANT-38,CONU,Live,8 - (3.1-4m),1HL - (0-0.5m),NA,3,NA
poles_table_big17nov,REMO-PLANT-38,CONU,Dead,11 - (6.1-7m),NA,NA,1,NA
poles_table_big17nov,REMO-PLANT-43,SEGI,Dead,9 - (4.1-5m),NA,NA,1,NA
poles_table_big17nov,REMO-PLANT-43,SEGI,Dead,8 - (3.1-4m),NA,NA,3,NA
poles_table_big17nov,REMO-PLANT-43,SEGI,Dead,6 - (DBH; 1.37m - 2m),NA,NA,1,NA
poles_table_big17nov,REMO-PLANT-43,SEGI,Dead,7 - (2.1-3m),NA,NA,2,NA
poles_table_big17nov,REMO-PLANT-43,SAXX,Live,6 - (DBH; 1.37m - 2m),NA,NA,13,NA
poles_table_big17nov,REMO-PLANT-43,SAXX,Live,7 - (2.1-3m),NA,NA,8,NA
poles_table_big17nov,REMO-PLANT-43,SEGI,Dead,11 - (6.1-7m),NA,NA,1,NA
poles_table_big17nov,REME-THIN-12,CADE,Dead,7 - (2.1-3m),NA,NA,2,NA
poles_table_big17nov,REME-THIN-12,QUCH,Dead,6 - (DBH; 1.37m - 2m),NA,NA,3,NA
poles_table_big17nov,REME-THIN-12,PIPOJE,Dead,7 - (2.1-3m),NA,NA,1,NA
poles_table_big17nov,REME-THIN-12,PILA,Dead,6 - (DBH; 1.37m - 2m),NA,NA,1,NA
poles_table_big17nov,REME-THIN-14,CADE,Dead,6 - (DBH; 1.37m - 2m),NA,NA,8,NA
poles_table_big17nov,REME-THIN-14,QUKE,Dead,7 - (2.1-3m),NA,NA,2,NA
poles_table_big17nov,REME-THIN-14,ABCO,Live,7 - (2.1-3m),2HL - (0.51-1m),NA,1,NA
poles_table_big17nov,REME-THIN-14,CADE,Live,8 - (3.1-4m),4HL - (2.1-3m),NA,1,NA
poles_table_big17nov,REME-THIN-14,QUKE,Dead,6 - (DBH; 1.37m - 2m),NA,NA,3,NA
poles_table_big17nov,REME-THIN-14,CADE,Dead,7 - (2.1-3m),NA,NA,4,NA
poles_table_big17nov,REME-THIN-14,CADE,Live,7 - (2.1-3m),3HL - (1.1-2m),NA,1,NA
poles_table_big17nov,REME-THIN-14,ABCO,Dead,8 - (3.1-4m),NA,NA,4,NA
poles_table_big17nov,REME-THIN-14,ABCO,Dead,6 - (DBH; 1.37m - 2m),NA,NA,1,NA
poles_table_big17nov,REME-THIN-14,CADE,Live,6 - (DBH; 1.37m - 2m),1HL - (0-0.5m),NA,1,NA
poles_table_big17nov,REME-THIN-14,CADE,Live,6 - (DBH; 1.37m - 2m),3HL - (1.1-2m),NA,1,NA
poles_table_big17nov,REME-THIN-14,CADE,Dead,8 - (3.1-4m),NA,NA,1,NA
poles_table_big17nov,REME-THIN-14,QUCH,Dead,7 - (2.1-3m),NA,NA,2,NA
poles_table_big17nov,REME-THIN-14,QUCH,Dead,6 - (DBH; 1.37m - 2m),NA,NA,3,NA
poles_table_big17nov,REME-THIN-02,ABCO,Dead,8 - (3.1-4m),NA,NA,5,NA
poles_table_big17nov,REME-THIN-02,ABCO,Dead,7 - (2.1-3m),NA,NA,5,NA
poles_table_big17nov,REME-THIN-02,ABCO,Dead,6 - (DBH; 1.37m - 2m),NA,NA,8,NA
poles_table_big17nov,REME-THIN-02,CADE,Dead,9 - (4.1-5m),NA,NA,1,NA
poles_table_big17nov,REME-THIN-02,ABCO,Dead,9 - (4.1-5m),NA,NA,1,NA
poles_table_big17nov,REME-THIN-03,ABCO,Live,6 - (DBH; 1.37m - 2m),1HL - (0-0.5m),NA,1,NA
poles_table_big17nov,REME-THIN-03,ABCO,Dead,7 - (2.1-3m),NA,NA,1,NA
poles_table_big17nov,REME-THIN-03,ABCO,Dead,7 - (2.1-3m),NA,NA,1,NA
poles_table_big17nov,REME-THIN-03,ABCO,Dead,6 - (DBH; 1.37m - 2m),NA,NA,1,NA
poles_table_big17nov,REME-THIN-03,ABCO,Dead,7 - (2.1-3m),NA,NA,2,NA
poles_table_big17nov,REME-THIN-03,QUCH,Dead,7 - (2.1-3m),NA,NA,1,NA
poles_table_big17nov,REME-THIN-03,ABCO,Dead,7 - (2.1-3m),NA,NA,1,NA
poles_table_big17nov,REME-THIN-03,ABCO,Dead,6 - (DBH; 1.37m - 2m),NA,NA,1,NA
poles_table_big17nov,REME-THIN-03,ABCO,Dead,6 - (DBH; 1.37m - 2m),NA,NA,1,NA
poles_table_big17nov,REME-THIN-03,ABCO,Dead,6 - (DBH; 1.37m - 2m),NA,NA,1,NA
poles_table_big17nov,REME-THIN-03,ABCO,Dead,6 - (DBH; 1.37m - 2m),NA,NA,5,NA
poles_table_big17nov,REME-THIN-03,CADE,Dead,9 - (4.1-5m),NA,NA,1,NA
poles_table_big17nov,REME-THIN-06,ABCO,Dead,11 - (6.1-7m),NA,NA,1,NA
poles_table_big17nov,REME-THIN-06,ABCO,Dead,6 - (DBH; 1.37m - 2m),NA,NA,1,NA
poles_table_big17nov,REME-THIN-29,PILA,Dead,7 - (2.1-3m),NA,NA,1,NA
poles_table_big17nov,REME-THIN-29,CADE,Dead,7 - (2.1-3m),NA,NA,4,NA
poles_table_big17nov,REME-THIN-29,CADE,Live,6 - (DBH; 1.37m - 2m),1HL - (0-0.5m),NA,1,NA
poles_table_big17nov,REME-THIN-29,ABCO,Dead,7 - (2.1-3m),NA,NA,2,NA
poles_table_big17nov,REME-THIN-29,CADE,Dead,6 - (DBH; 1.37m - 2m),NA,NA,1,NA
poles_table_big17nov,REME-THIN-29,CADE,Dead,8 - (3.1-4m),NA,NA,2,NA
poles_table_big17nov,REME-THIN-07,CADE,Dead,8 - (3.1-4m),NA,NA,4,NA
poles_table_big17nov,REME-THIN-07,CADE,Live,7 - (2.1-3m),2HL - (0.51-1m),NA,1,NA
poles_table_big17nov,REME-THIN-07,CADE,Dead,6 - (DBH; 1.37m - 2m),NA,NA,13,NA
poles_table_big17nov,REME-THIN-07,CADE,Dead,9 - (4.1-5m),NA,NA,3,NA
poles_table_big17nov,REME-THIN-07,CADE,Dead,7 - (2.1-3m),NA,NA,8,NA
poles_table_big17nov,REME-THIN-07,QUKE,Live,6 - (DBH; 1.37m - 2m),1HL - (0-0.5m),NA,1,NA
poles_table_big17nov,REME-THIN-07,ABCO,Dead,8 - (3.1-4m),NA,NA,1,NA
poles_table_big17nov,REME-THIN-07,CADE,Live,9 - (4.1-5m),NA,NA,1,NA
poles_table_big17nov,REME-THIN-07,CADE,Live,6 - (DBH; 1.37m - 2m),1HL - (0-0.5m),NA,64,NA
poles_table_big17nov,REME-THIN-07,ABCO,Live,6 - (DBH; 1.37m - 2m),1HL - (0-0.5m),NA,6,NA
poles_table_big17nov,REME-THIN-07,ABCO,Dead,6 - (DBH; 1.37m - 2m),NA,NA,2,NA
poles_table_big17nov,REME-THIN-07,ABCO,Live,7 - (2.1-3m),2HL - (0.51-1m),NA,4,NA
poles_table_big17nov,REME-THIN-07,CADE,Live,8 - (3.1-4m),1HL - (0-0.5m),NA,4,NA
poles_table_big17nov,REME-THIN-07,CADE,Live,7 - (2.1-3m),1HL - (0-0.5m),NA,7,NA
poles_table_big17nov,REME-THIN-07,QUKE,Live,6 - (DBH; 1.37m - 2m),4HL - (2.1-3m),NA,1,NA
poles_table_big17nov,REME-THIN-07,QUKE,Live,6 - (DBH; 1.37m - 2m),2HL - (0.51-1m),NA,1,NA
poles_table_big17nov,REME-THIN-07,PIPOJE,Live,7 - (2.1-3m),1HL - (0-0.5m),NA,1,NA
poles_table_big17nov,REME-THIN-07,CADE,Live,7 - (2.1-3m),5HL - (3.1-4m),NA,1,NA
poles_table_big17nov,REME-THIN-07,SEGI,Live,6 - (DBH; 1.37m - 2m),1HL - (0-0.5m),NA,1,NA
poles_table_big17nov,USGS-409003,ABCO,Live,6 - (DBH; 1.37m - 2m),2HL - (0.51-1m),NA,1,NA
poles_table_big17nov,USGS-409003,ABCO,Dead,7 - (2.1-3m),NA,NA,1,NA
poles_table_big17nov,USGS-409003,CADE,Dead,6 - (DBH; 1.37m - 2m),NA,NA,1,NA
poles_table_lil11nov,TEST-01,ABCO,Live,6 - (DBH; 1.37m - 2m),1HL - (0-0.5m),NA,1,NA
poles_table_lil11nov,TEST-01,ABCO,Live,6 - (DBH; 1.37m - 2m),1HL - (0-0.5m),NA,1,NA
poles_table_lil11nov,TEST-01,ABCO,Live,6 - (DBH; 1.37m - 2m),1HL - (0-0.5m),NA,1,NA
poles_table_lil11nov,TEST-01,ABCO,Live,6 - (DBH; 1.37m - 2m),1HL - (0-0.5m),NA,1,NA
poles_table_lil11nov,TEST-01,ABCO,Live,6 - (DBH; 1.37m - 2m),1HL - (0-0.5m),NA,1,NA
poles_table_lil11nov,TEST-01,ABCO,Live,7 - (2.1-3m),1HL - (0-0.5m),NA,1,NA
poles_table_lil11nov,TEST-01,ABCO,Live,7 - (2.1-3m),1HL - (0-0.5m),NA,1,NA
poles_table_lil11nov,TEST-01,ABCO,Live,7 - (2.1-3m),1HL - (0-0.5m),NA,1,NA
poles_table_lil11nov,TEST-01,ABCO,Live,6 - (DBH; 1.37m - 2m),1HL - (0-0.5m),NA,1,NA
poles_table_lil11nov,TEST-01,ABCO,Live,6 - (DBH; 1.37m - 2m),1HL - (0-0.5m),NA,1,NA
poles_table_lil11nov,TEST-01,ABCO,Live,6 - (DBH; 1.37m - 2m),1HL - (0-0.5m),NA,1,NA
poles_table_lil11nov,EAFR-RX-11,ABCO,Live,6 - (DBH; 1.37m - 2m),1HL - (0-0.5m),NA,58,NA
poles_table_lil11nov,EAFR-RX-11,ABCO,Live,7 - (2.1-3m),1HL - (0-0.5m),NA,44,NA
poles_table_lil11nov,EAFR-RX-11,ABCO,Live,8 - (3.1-4m),1HL - (0-0.5m),NA,19,NA
poles_table_lil11nov,EAFR-RX-11,PILA,Live,6 - (DBH; 1.37m - 2m),1HL - (0-0.5m),NA,1,NA
poles_table_lil11nov,EAFR-RX-11,ABCO,Dead,6 - (DBH; 1.37m - 2m),NA,NA,1,NA
poles_table_lil11nov,EAFR-RX-11,PIPO,Live,8 - (3.1-4m),3HL - (1.1-2m),NA,1,0
poles_table_lil11nov,EAFR-RX-11,ABCO,Live,9 - (4.1-5m),2HL - (0.51-1m),NA,2,0
poles_table_lil11nov,EAFR-RX-11,ABCO,Live,6 - (DBH; 1.37m - 2m),1HL - (0-0.5m),NA,57,0
poles_table_lil11nov,EAFR-RX-11,ABCO,Live,7 - (2.1-3m),1HL - (0-0.5m),NA,20,0
poles_table_lil11nov,EAFR-RX-11,PIPO,Live,8 - (3.1-4m),3HL - (1.1-2m),NA,2,0
poles_table_lil11nov,EAFR-RX-11,PIPO,Live,7 - (2.1-3m),1HL - (0-0.5m),NA,1,0
poles_table_lil11nov,EAFR-RX-11,PIPO,Live,7 - (2.1-3m),2HL - (0.51-1m),NA,1,0
poles_table_lil11nov,EAFR-RX-11,PIPO,Live,6 - (DBH; 1.37m - 2m),2HL - (0.51-1m),NA,1,0
poles_table_lil11nov,EAFR-RX-11,PIPO,Live,6 - (DBH; 1.37m - 2m),1HL - (0-0.5m),NA,1,0
poles_table_lil11nov,EAFR-RX-11,ABCO,Live,8 - (3.1-4m),2HL - (0.51-1m),NA,2,0
poles_table_lil11nov,EAFR-RX-11,ABCO,Live,7 - (2.1-3m),2HL - (0.51-1m),NA,1,0
poles_table_lil11nov,EAFR-RX-14,ABCO,Live,7 - (2.1-3m),1HL - (0-0.5m),NA,2,0
poles_table_lil11nov,EAFR-RX-14,ABCO,Live,8 - (3.1-4m),2HL - (0.51-1m),NA,1,0
poles_table_lil11nov,EAFR-RX-14,ABCO,Live,6 - (DBH; 1.37m - 2m),1HL - (0-0.5m),NA,1,0
poles_table_lil11nov,EAFR-RX-14,ABCO,Live,6 - (DBH; 1.37m - 2m),3HL - (1.1-2m),NA,1,0
poles_table_lil11nov,EAFR-RX-14,ABCO,Dead,8 - (3.1-4m),NA,NA,1,0
poles_table_lil11nov,EAFR-RX-14,ABCO,Dead,7 - (2.1-3m),NA,NA,1,0
poles_table_lil11nov,EAFR-RX-14,ABCO,Dead,8 - (3.1-4m),NA,NA,1,0
poles_table_lil11nov,EAFR-RX-14,ABCO,Live,9 - (4.1-5m),7HL - (>5.1m),NA,1,0
poles_table_lil11nov,EAFR-RX-14,ABCO,Dead,8 - (3.1-4m),NA,NA,1,0
poles_table_lil11nov,EAFR-RX-14,ABCO,Live,9 - (4.1-5m),7HL - (>5.1m),NA,1,0
poles_table_lil11nov,EAFR-RX-14,ABCO,Dead,8 - (3.1-4m),NA,NA,1,0
poles_table_lil11nov,EAFR-RX-14,ABCO,Dead,7 - (2.1-3m),NA,NA,1,0
poles_table_lil11nov,EAFR-RX-14,ABCO,Live,7 - (2.1-3m),3HL - (1.1-2m),NA,1,0
poles_table_lil11nov,EAFR-RX-14,ABCO,Live,12 - (7.1-8m),5HL - (3.1-4m),NA,1,0
poles_table_lil11nov,EAFR-RX-14,ABCO,Dead,7 - (2.1-3m),NA,NA,1,0
poles_table_lil11nov,EAFR-RX-14,ABCO,Live,8 - (3.1-4m),3HL - (1.1-2m),NA,1,0
poles_table_lil11nov,EAFR-RX-14,ABCO,Live,7 - (2.1-3m),3HL - (1.1-2m),NA,1,0
poles_table_lil11nov,EAFR-RX-14,ABCO,Live,11 - (6.1-7m),4HL - (2.1-3m),NA,1,0
poles_table_lil11nov,EAFR-RX-14,ABCO,Live,6 - (DBH; 1.37m - 2m),1HL - (0-0.5m),NA,1,0
poles_table_lil11nov,EAFR-RX-14,ABCO,Live,6 - (DBH; 1.37m - 2m),1HL - (0-0.5m),NA,1,0
poles_table_lil11nov,EAFR-RX-14,ABCO,Live,7 - (2.1-3m),2HL - (0.51-1m),NA,1,0
poles_table_lil11nov,EAFR-RX-14,ABCO,Live,7 - (2.1-3m),2HL - (0.51-1m),NA,1,0
poles_table_lil11nov,EAFR-RX-14,ABCO,Live,11 - (6.1-7m),3HL - (1.1-2m),NA,1,0
poles_table_lil11nov,EAFR-RX-14,NA,NA,NA,NA,NA,1,0
poles_table_lil11nov,EAFR-RX-03,ABCO,Dead,7 - (2.1-3m),NA,NA,1,0
poles_table_lil11nov,EAFR-RX-03,ABCO,Live,8 - (3.1-4m),4HL - (2.1-3m),NA,1,0
poles_table_lil11nov,EAFR-RX-03,CADE,Live,8 - (3.1-4m),1HL - (0-0.5m),NA,1,0
poles_table_lil11nov,EAFR-RX-03,PIPOJE,Live,8 - (3.1-4m),4HL - (2.1-3m),NA,1,0
poles_table_lil11nov,EAFR-RX-03,ABCO,Live,9 - (4.1-5m),1HL - (0-0.5m),NA,1,0
poles_table_lil11nov,EAFR-RX-03,CADE,Live,6 - (DBH; 1.37m - 2m),1HL - (0-0.5m),NA,1,0
poles_table_lil11nov,EAFR-RX-03,ABCO,Live,7 - (2.1-3m),1HL - (0-0.5m),NA,1,0
poles_table_lil11nov,EAFR-RX-03,ABCO,Live,6 - (DBH; 1.37m - 2m),1HL - (0-0.5m),NA,1,0
poles_table_lil11nov,EAFR-RX-03,ABCO,Live,7 - (2.1-3m),1HL - (0-0.5m),NA,1,0
poles_table_lil11nov,EAFR-RX-03,ABCO,Live,7 - (2.1-3m),1HL - (0-0.5m),NA,1,0
poles_table_lil11nov,EAFR-RX-03,PILA,Live,7 - (2.1-3m),2HL - (0.51-1m),NA,1,0
poles_table_lil11nov,EAFR-RX-03,ABCO,Live,8 - (3.1-4m),2HL - (0.51-1m),NA,1,0
poles_table_lil11nov,EAFR-RX-03,ABCO,Live,9 - (4.1-5m),3HL - (1.1-2m),NA,1,0
poles_table_lil11nov,EAFR-RX-03,ABCO,Live,8 - (3.1-4m),3HL - (1.1-2m),NA,1,0
poles_table_lil11nov,EAFR-RX-03,ABCO,Live,8 - (3.1-4m),3HL - (1.1-2m),NA,1,0
poles_table_lil11nov,EAFR-RX-03,ABCO,Live,6 - (DBH; 1.37m - 2m),1HL - (0-0.5m),NA,1,0
poles_table_lil11nov,EAFR-RX-03,ABCO,Live,7 - (2.1-3m),1HL - (0-0.5m),NA,1,0
poles_table_lil11nov,EAFR-RX-03,ABCO,Live,6 - (DBH; 1.37m - 2m),2HL - (0.51-1m),NA,1,0
poles_table_lil11nov,EAFR-RX-03,ABCO,Live,8 - (3.1-4m),2HL - (0.51-1m),NA,1,0
poles_table_lil11nov,EAFR-RX-03,ABCO,Live,7 - (2.1-3m),2HL - (0.51-1m),NA,1,0
poles_table_lil11nov,EAFR-RX-03,ABCO,Live,9 - (4.1-5m),2HL - (0.51-1m),NA,1,0
poles_table_lil11nov,EAFR-RX-03,ABCO,Live,8 - (3.1-4m),2HL - (0.51-1m),NA,1,0
poles_table_lil11nov,EAFR-RX-03,ABCO,Live,10 - (5.1-6m),3HL - (1.1-2m),NA,1,0
poles_table_lil11nov,EAFR-RX-03,ABCO,Live,9 - (4.1-5m),2HL - (0.51-1m),NA,1,0
poles_table_lil11nov,EAFR-RX-03,ABCO,Live,7 - (2.1-3m),3HL - (1.1-2m),NA,1,0
poles_table_lil11nov,EAFR-RX-03,ABCO,Live,10 - (5.1-6m),3HL - (1.1-2m),NA,1,0
poles_table_lil11nov,EAFR-RX-03,ABCO,Live,10 - (5.1-6m),4HL - (2.1-3m),NA,1,0
poles_table_lil11nov,EAFR-RX-03,ABCO,Live,9 - (4.1-5m),3HL - (1.1-2m),NA,1,0
poles_table_lil11nov,EAFR-RX-03,ABCO,Live,6 - (DBH; 1.37m - 2m),2HL - (0.51-1m),NA,1,0
poles_table_lil11nov,EAFR-RX-03,ABCO,Live,7 - (2.1-3m),1HL - (0-0.5m),NA,1,0
poles_table_lil11nov,EAFR-RX-03,ABCO,Live,7 - (2.1-3m),1HL - (0-0.5m),NA,1,0
poles_table_lil11nov,EAFR-RX-03,ABCO,Live,6 - (DBH; 1.37m - 2m),1HL - (0-0.5m),NA,1,0
poles_table_lil11nov,EAFR-RX-03,ABCO,Live,6 - (DBH; 1.37m - 2m),1HL - (0-0.5m),NA,1,0
poles_table_lil11nov,EAFR-RX-03,ABCO,Live,7 - (2.1-3m),2HL - (0.51-1m),NA,1,0
poles_table_lil11nov,EAFR-RX-03,ABCO,Live,7 - (2.1-3m),2HL - (0.51-1m),NA,1,0
poles_table_lil11nov,EAFR-RX-03,ABCO,Live,7 - (2.1-3m),2HL - (0.51-1m),NA,1,0
poles_table_lil11nov,EAFR-RX-03,ABCO,Live,6 - (DBH; 1.37m - 2m),1HL - (0-0.5m),NA,1,0
poles_table_lil11nov,EAFR-RX-03,ABCO,Live,6 - (DBH; 1.37m - 2m),1HL - (0-0.5m),NA,1,0
poles_table_lil11nov,EAFR-RX-03,ABCO,Live,6 - (DBH; 1.37m - 2m),1HL - (0-0.5m),NA,9,0
poles_table_lil11nov,EAFR-RX-03,ABCO,Live,7 - (2.1-3m),1HL - (0-0.5m),NA,1,0
poles_table_lil11nov,EAFR-RX-03,ABCO,Live,6 - (DBH; 1.37m - 2m),1HL - (0-0.5m),NA,8,0
poles_table_lil11nov,EAFR-RX-03,ABCO,Live,7 - (2.1-3m),1HL - (0-0.5m),NA,1,0
poles_table_lil11nov,EAFR-RX-03,ABCO,Dead,6 - (DBH; 1.37m - 2m),NA,NA,1,0
poles_table_lil11nov,EAFR-RX-02,ABCO,Live,6 - (DBH; 1.37m - 2m),1HL - (0-0.5m),NA,1,0
poles_table_lil11nov,EAFR-RX-02,SEGI,Live,6 - (DBH; 1.37m - 2m),2HL - (0.51-1m),BrokenTop,1,0
poles_table_lil11nov,EAFR-RX-02,SEGI,Live,6 - (DBH; 1.37m - 2m),2HL - (0.51-1m),NA,3,0
poles_table_lil11nov,EAFR-RX-02,SEGI,Live,7 - (2.1-3m),2HL - (0.51-1m),NA,2,0
poles_table_lil11nov,EAFR-RX-02,SEGI,Live,6 - (DBH; 1.37m - 2m),2HL - (0.51-1m),NA,1,0
poles_table_lil11nov,EAFR-RX-02,SEGI,Live,6 - (DBH; 1.37m - 2m),1HL - (0-0.5m),NA,2,0
poles_table_lil11nov,EAFR-RX-02,ABCO,Live,6 - (DBH; 1.37m - 2m),1HL - (0-0.5m),NA,1,0
poles_table_lil11nov,EAFR-RX-02,SEGI,Live,7 - (2.1-3m),1HL - (0-0.5m),NA,1,0
poles_table_lil11nov,EAFR-RX-02,SEGI,Live,8 - (3.1-4m),1HL - (0-0.5m),NA,1,0
poles_table_lil11nov,EAFR-RX-02,SEGI,Live,6 - (DBH; 1.37m - 2m),1HL - (0-0.5m),NA,1,0
poles_table_lil11nov,EAFR-RX-02,SEGI,Live,6 - (DBH; 1.37m - 2m),1HL - (0-0.5m),NA,1,0
poles_table_lil11nov,EAFR-RX-02,SEGI,Live,7 - (2.1-3m),1HL - (0-0.5m),NA,1,0
poles_table_lil11nov,EAFR-RX-02,SEGI,Live,6 - (DBH; 1.37m - 2m),1HL - (0-0.5m),NA,1,0
poles_table_lil11nov,EAFR-RX-02,ABCO,Live,6 - (DBH; 1.37m - 2m),1HL - (0-0.5m),NA,1,0
poles_table_lil11nov,EAFR-RX-02,SEGI,Live,8 - (3.1-4m),1HL - (0-0.5m),NA,1,0
poles_table_lil11nov,EAFR-RX-02,SEGI,Live,7 - (2.1-3m),1HL - (0-0.5m),NA,7,0
poles_table_lil11nov,EAFR-RX-02,ABCO,Live,6 - (DBH; 1.37m - 2m),1HL - (0-0.5m),NA,1,0
poles_table_lil11nov,EAFR-RX-02,SEGI,Live,6 - (DBH; 1.37m - 2m),1HL - (0-0.5m),NA,1,0
poles_table_lil11nov,EAFR-RX-02,ABCO,Live,7 - (2.1-3m),1HL - (0-0.5m),NA,1,0
poles_table_lil11nov,EAFR-RX-02,SEGI,Live,7 - (2.1-3m),1HL - (0-0.5m),NA,1,0
poles_table_lil11nov,EAFR-RX-02,ABCO,Live,6 - (DBH; 1.37m - 2m),1HL - (0-0.5m),NA,1,0
poles_table_lil11nov,EAFR-RX-02,ABCO,Live,6 - (DBH; 1.37m - 2m),1HL - (0-0.5m),NA,1,0
poles_table_lil11nov,EAFR-RX-02,SEGI,Live,6 - (DBH; 1.37m - 2m),1HL - (0-0.5m),NA,2,0
poles_table_lil11nov,EAFR-RX-02,SEGI,Live,8 - (3.1-4m),2HL - (0.51-1m),NA,2,0
poles_table_lil11nov,EAFR-RX-02,ABCO,Live,6 - (DBH; 1.37m - 2m),1HL - (0-0.5m),NA,1,0
poles_table_lil11nov,EAFR-RX-02,ABCO,Live,7 - (2.1-3m),1HL - (0-0.5m),NA,1,0
poles_table_lil11nov,EAFR-RX-02,ABCO,Live,6 - (DBH; 1.37m - 2m),1HL - (0-0.5m),NA,1,0
poles_table_lil11nov,EAFR-RX-02,SEGI,Live,7 - (2.1-3m),1HL - (0-0.5m),NA,2,0
poles_table_lil11nov,EAFR-RX-02,ABCO,Live,6 - (DBH; 1.37m - 2m),1HL - (0-0.5m),NA,1,0
poles_table_lil11nov,EAFR-RX-02,SEGI,Live,7 - (2.1-3m),1HL - (0-0.5m),NA,7,0
poles_table_lil11nov,EAFR-RX-02,SEGI,Live,6 - (DBH; 1.37m - 2m),1HL - (0-0.5m),NA,1,0
poles_table_lil11nov,EAFR-RX-02,ABCO,Live,7 - (2.1-3m),1HL - (0-0.5m),NA,2,0
poles_table_lil11nov,EAFR-RX-02,ABCO,Live,6 - (DBH; 1.37m - 2m),1HL - (0-0.5m),NA,2,0
poles_table_lil11nov,EAFR-RX-02,SEGI,Live,6 - (DBH; 1.37m - 2m),1HL - (0-0.5m),NA,1,0
poles_table_lil11nov,EAFR-RX-02,ABCO,Live,6 - (DBH; 1.37m - 2m),1HL - (0-0.5m),NA,1,0
poles_table_lil11nov,EAFR-RX-02,SEGI,Live,7 - (2.1-3m),1HL - (0-0.5m),NA,8,0
poles_table_lil11nov,EAFR-RX-02,ABCO,Live,6 - (DBH; 1.37m - 2m),1HL - (0-0.5m),NA,1,0
poles_table_lil11nov,EAFR-RX-02,SEGI,Live,6 - (DBH; 1.37m - 2m),1HL - (0-0.5m),NA,3,0
poles_table_lil11nov,EAFR-RX-02,SEGI,Live,8 - (3.1-4m),2HL - (0.51-1m),NA,1,0
poles_table_lil11nov,EAFR-RX-02,SEGI,Live,7 - (2.1-3m),2HL - (0.51-1m),NA,7,0
poles_table_lil11nov,EAFR-RX-02,SEGI,Live,6 - (DBH; 1.37m - 2m),1HL - (0-0.5m),NA,2,0
poles_table_lil11nov,EAFR-RX-02,ABCO,Live,7 - (2.1-3m),1HL - (0-0.5m),NA,1,0
poles_table_lil11nov,EAFR-RX-02,SEGI,Live,7 - (2.1-3m),1HL - (0-0.5m),NA,1,0
poles_table_lil11nov,EAFR-RX-02,SEGI,Live,8 - (3.1-4m),2HL - (0.51-1m),NA,1,0
poles_table_lil11nov,EAFR-RX-02,ABCO,Live,6 - (DBH; 1.37m - 2m),1HL - (0-0.5m),NA,3,0
poles_table_lil11nov,EAFR-RX-02,SEGI,Live,7 - (2.1-3m),2HL - (0.51-1m),NA,1,0
poles_table_lil11nov,EAFR-RX-02,ABCO,Live,7 - (2.1-3m),1HL - (0-0.5m),NA,1,0
poles_table_lil11nov,EAFR-RX-02,SEGI,Live,8 - (3.1-4m),2HL - (0.51-1m),NA,1,0
poles_table_lil11nov,EAFR-RX-02,ABCO,Live,7 - (2.1-3m),1HL - (0-0.5m),NA,1,0
poles_table_lil11nov,EAFR-RX-02,SEGI,Live,7 - (2.1-3m),1HL - (0-0.5m),NA,1,0
poles_table_lil11nov,EAFR-RX-02,ABCO,Live,7 - (2.1-3m),1HL - (0-0.5m),NA,1,0
poles_table_lil11nov,EAFR-RX-02,SEGI,Live,8 - (3.1-4m),2HL - (0.51-1m),NA,1,0
poles_table_lil11nov,EAFR-RX-02,ABCO,Live,6 - (DBH; 1.37m - 2m),1HL - (0-0.5m),NA,1,0
poles_table_lil11nov,EAFR-RX-02,SEGI,Live,7 - (2.1-3m),3HL - (1.1-2m),NA,1,0
poles_table_lil11nov,EAFR-RX-02,SEGI,Live,8 - (3.1-4m),3HL - (1.1-2m),NA,6,0
poles_table_lil11nov,EAFR-RX-02,SEGI,Live,9 - (4.1-5m),3HL - (1.1-2m),NA,1,0
poles_table_lil11nov,EAFR-RX-02,SEGI,Live,8 - (3.1-4m),3HL - (1.1-2m),NA,2,0
poles_table_lil11nov,EAFR-RX-02,SEGI,Live,7 - (2.1-3m),3HL - (1.1-2m),NA,1,0
poles_table_lil11nov,EAFR-RX-02,SEGI,Live,6 - (DBH; 1.37m - 2m),2HL - (0.51-1m),NA,2,0
poles_table_lil11nov,EAFR-RX-02,ABCO,Live,7 - (2.1-3m),2HL - (0.51-1m),NA,3,0
poles_table_lil11nov,EAFR-RX-02,ABCO,Live,8 - (3.1-4m),2HL - (0.51-1m),NA,1,0
poles_table_lil11nov,EAFR-RX-02,SEGI,Live,7 - (2.1-3m),2HL - (0.51-1m),NA,2,0
poles_table_lil11nov,EAFR-RX-02,ABCO,Live,7 - (2.1-3m),1HL - (0-0.5m),NA,1,0
poles_table_lil11nov,EAFR-RX-02,ABCO,Live,6 - (DBH; 1.37m - 2m),1HL - (0-0.5m),NA,1,0
poles_table_lil11nov,EAFR-RX-02,PILA,Live,8 - (3.1-4m),2HL - (0.51-1m),NA,1,0
poles_table_lil11nov,EAFR-RX-02,SEGI,Live,8 - (3.1-4m),2HL - (0.51-1m),NA,3,0
poles_table_lil11nov,EAFR-RX-02,SEGI,Live,8 - (3.1-4m),2HL - (0.51-1m),NA,1,0
poles_table_lil11nov,EAFR-RX-02,ABCO,Live,6 - (DBH; 1.37m - 2m),2HL - (0.51-1m),NA,3,0
poles_table_lil11nov,EAFR-RX-02,SEGI,Live,7 - (2.1-3m),2HL - (0.51-1m),NA,1,0
poles_table_lil11nov,EAFR-RX-02,SEGI,Live,8 - (3.1-4m),2HL - (0.51-1m),NA,1,0
poles_table_lil11nov,EAFR-RX-02,SEGI,Live,6 - (DBH; 1.37m - 2m),1HL - (0-0.5m),NA,2,0
poles_table_lil11nov,EAFR-RX-02,ABCO,Live,6 - (DBH; 1.37m - 2m),1HL - (0-0.5m),NA,2,0
poles_table_lil11nov,EAFR-RX-02,ABCO,Live,6 - (DBH; 1.37m - 2m),1HL - (0-0.5m),NA,1,0
poles_table_lil11nov,EAFR-RX-02,SEGI,Live,8 - (3.1-4m),2HL - (0.51-1m),NA,1,0
poles_table_lil11nov,EAFR-RX-02,SEGI,Live,7 - (2.1-3m),2HL - (0.51-1m),NA,1,0
poles_table_lil11nov,EAFR-RX-02,ABCO,Live,6 - (DBH; 1.37m - 2m),1HL - (0-0.5m),NA,3,0
poles_table_lil11nov,EAFR-RX-02,PILA,Live,6 - (DBH; 1.37m - 2m),1HL - (0-0.5m),NA,1,0
poles_table_lil11nov,EAFR-RX-02,SEGI,Live,9 - (4.1-5m),2HL - (0.51-1m),NA,1,0
poles_table_lil11nov,EAFR-RX-02,SEGI,Live,6 - (DBH; 1.37m - 2m),1HL - (0-0.5m),NA,1,0
poles_table_lil11nov,EAFR-RX-02,SEGI,Live,7 - (2.1-3m),2HL - (0.51-1m),NA,2,0
poles_table_lil11nov,EAFR-RX-02,SEGI,Live,6 - (DBH; 1.37m - 2m),2HL - (0.51-1m),NA,1,0
poles_table_lil11nov,EAFR-RX-02,SEGI,Live,9 - (4.1-5m),2HL - (0.51-1m),NA,1,0
poles_table_lil11nov,EAFR-RX-02,ABCO,Live,7 - (2.1-3m),1HL - (0-0.5m),NA,2,0
poles_table_lil11nov,EAFR-RX-02,ABCO,Live,6 - (DBH; 1.37m - 2m),1HL - (0-0.5m),NA,2,0
poles_table_lil11nov,EAFR-RX-02,SEGI,Live,6 - (DBH; 1.37m - 2m),1HL - (0-0.5m),NA,2,0
poles_table_lil11nov,EAFR-RX-02,SEGI,Live,7 - (2.1-3m),1HL - (0-0.5m),NA,1,0
poles_table_lil11nov,EAFR-RX-02,SEGI,Live,8 - (3.1-4m),2HL - (0.51-1m),NA,1,0
poles_table_lil11nov,EAFR-RX-02,SEGI,Live,7 - (2.1-3m),1HL - (0-0.5m),NA,2,0
poles_table_lil11nov,EAFR-RX-02,ABCO,Live,6 - (DBH; 1.37m - 2m),1HL - (0-0.5m),NA,6,0
poles_table_lil11nov,EAFR-RX-02,SEGI,Live,10 - (5.1-6m),2HL - (0.51-1m),NA,1,0
poles_table_lil11nov,EAFR-RX-02,ABCO,Live,6 - (DBH; 1.37m - 2m),1HL - (0-0.5m),NA,1,0
poles_table_lil11nov,EAFR-RX-02,SEGI,Live,6 - (DBH; 1.37m - 2m),1HL - (0-0.5m),NA,2,0
poles_table_lil11nov,EAFR-RX-02,SEGI,Live,8 - (3.1-4m),2HL - (0.51-1m),NA,1,0
poles_table_lil11nov,EAFR-RX-02,ABCO,Live,6 - (DBH; 1.37m - 2m),1HL - (0-0.5m),NA,6,0
poles_table_lil11nov,EAFR-RX-02,SEGI,Live,6 - (DBH; 1.37m - 2m),1HL - (0-0.5m),NA,2,0
poles_table_lil11nov,EAFR-RX-02,CADE,Live,6 - (DBH; 1.37m - 2m),1HL - (0-0.5m),NA,1,0
poles_table_lil11nov,EAFR-RX-02,ABCO,Live,6 - (DBH; 1.37m - 2m),1HL - (0-0.5m),NA,3,0
poles_table_lil11nov,EAFR-RX-02,SEGI,Live,7 - (2.1-3m),2HL - (0.51-1m),NA,5,0
poles_table_lil11nov,EAFR-RX-02,SEGI,Live,6 - (DBH; 1.37m - 2m),1HL - (0-0.5m),NA,3,0
poles_table_lil11nov,EAFR-RX-02,ABCO,Live,6 - (DBH; 1.37m - 2m),1HL - (0-0.5m),NA,2,0
poles_table_lil11nov,EAFR-RX-02,SEGI,Live,8 - (3.1-4m),2HL - (0.51-1m),NA,1,0
poles_table_lil11nov,EAFR-RX-02,SEGI,Live,7 - (2.1-3m),2HL - (0.51-1m),NA,1,0
poles_table_lil11nov,EAFR-RX-02,SEGI,Live,6 - (DBH; 1.37m - 2m),1HL - (0-0.5m),NA,3,0
poles_table_lil11nov,EAFR-RX-02,NA,NA,NA,NA,NA,1,0
poles_table_lil11nov,EAFR-RX-17,ABCO,Live,6 - (DBH; 1.37m - 2m),1HL - (0-0.5m),NA,1,0
poles_table_lil11nov,EAFR-RX-17,ABCO,Live,6 - (DBH; 1.37m - 2m),1HL - (0-0.5m),NA,1,0
poles_table_lil11nov,EAFR-RX-17,ABCO,Live,7 - (2.1-3m),1HL - (0-0.5m),NA,1,0
poles_table_lil11nov,EAFR-RX-17,ABCO,Live,6 - (DBH; 1.37m - 2m),1HL - (0-0.5m),NA,1,0
poles_table_lil11nov,EAFR-RX-17,ABCO,Live,6 - (DBH; 1.37m - 2m),1HL - (0-0.5m),NA,18,0
poles_table_lil11nov,EAFR-RX-17,ABCO,Live,7 - (2.1-3m),1HL - (0-0.5m),NA,2,0
poles_table_lil11nov,EAFR-RX-17,ABCO,Live,8 - (3.1-4m),2HL - (0.51-1m),NA,1,0
poles_table_lil11nov,EAFR-RX-17,ABCO,Live,7 - (2.1-3m),1HL - (0-0.5m),NA,13,0
poles_table_lil11nov,EAFR-RX-17,ABCO,Live,6 - (DBH; 1.37m - 2m),1HL - (0-0.5m),NA,82,0
poles_table_lil11nov,EAFR-RX-06,ABCO,Live,8 - (3.1-4m),2HL - (0.51-1m),NA,3,0
poles_table_lil11nov,EAFR-RX-06,ABCO,Live,8 - (3.1-4m),1HL - (0-0.5m),NA,1,0
poles_table_lil11nov,EAFR-RX-06,ABCO,Live,7 - (2.1-3m),2HL - (0.51-1m),NA,2,0
poles_table_lil11nov,EAFR-RX-06,ABCO,Live,6 - (DBH; 1.37m - 2m),1HL - (0-0.5m),NA,1,0
poles_table_lil11nov,EAFR-RX-12,ABCO,Live,6 - (DBH; 1.37m - 2m),1HL - (0-0.5m),NA,42,0
poles_table_lil11nov,EAFR-RX-12,PIPO,Live,6 - (DBH; 1.37m - 2m),2HL - (0.51-1m),NA,1,0
poles_table_lil11nov,EAFR-RX-12,CADE,Live,6 - (DBH; 1.37m - 2m),1HL - (0-0.5m),NA,4,0
poles_table_lil11nov,EAFR-RX-12,ABCO,Live,7 - (2.1-3m),1HL - (0-0.5m),NA,14,0
poles_table_lil11nov,EAFR-RX-12,ABCO,Live,8 - (3.1-4m),1HL - (0-0.5m),NA,5,0
poles_table_lil11nov,EAFR-RX-12,ABCO,Live,9 - (4.1-5m),1HL - (0-0.5m),NA,1,0
poles_table_lil11nov,EAFR-RX-12,CADE,Live,7 - (2.1-3m),1HL - (0-0.5m),NA,2,0
poles_table_lil11nov,EAFR-RX-12,PIPO,Live,6 - (DBH; 1.37m - 2m),1HL - (0-0.5m),NA,1,0
poles_table_lil11nov,EAFR-RX-12,PIPO,Live,6 - (DBH; 1.37m - 2m),2HL - (0.51-1m),NA,1,0
poles_table_lil11nov,SECR-PILE-03,PILA,Live,6 - (DBH; 1.37m - 2m),1HL - (0-0.5m),NA,2,0
poles_table_lil11nov,SECR-PILE-03,PILA,Live,7 - (2.1-3m),1HL - (0-0.5m),BROKENTOP,1,0
poles_table_lil11nov,SECR-PILE-03,PILA,Live,8 - (3.1-4m),2HL - (0.51-1m),BENDY,1,0
poles_table_lil11nov,SECR-PILE-03,PILA,Live,8 - (3.1-4m),1HL - (0-0.5m),NA,1,0
poles_table_lil11nov,SECR-PILE-03,NA,NA,NA,NA,NA,1,0
poles_table_lil11nov,SECR-PILE-04,SEGI,Live,6 - (DBH; 1.37m - 2m),1HL - (0-0.5m),NA,111,0
poles_table_lil11nov,SECR-PILE-04,SEGI,Live,7 - (2.1-3m),2HL - (0.51-1m),NA,17,0
poles_table_lil11nov,SECR-PILE-04,SEGI,Live,6 - (DBH; 1.37m - 2m),2HL - (0.51-1m),NA,1,0
poles_table_lil11nov,SECR-PILE-04,SEGI,Live,8 - (3.1-4m),2HL - (0.51-1m),NA,3,0
poles_table_lil11nov,SECR-PILE-04,PIPO,Live,7 - (2.1-3m),1HL - (0-0.5m),NA,1,0
poles_table_lil11nov,SECR-PILE-04,PILA,Live,6 - (DBH; 1.37m - 2m),1HL - (0-0.5m),NA,2,0
poles_table_lil11nov,SECR-PILE-04,SEGI,Live,8 - (3.1-4m),1HL - (0-0.5m),NA,1,0
poles_table_lil11nov,SECR-PILE-04,SEGI,Live,7 - (2.1-3m),1HL - (0-0.5m),NA,6,0
poles_table_lil11nov,SECR-PILE-04,CADE,Live,6 - (DBH; 1.37m - 2m),1HL - (0-0.5m),NA,1,0
poles_table_lil11nov,SECR-PILE-04,PIPO,Live,6 - (DBH; 1.37m - 2m),1HL - (0-0.5m),NA,2,0
poles_table_lil11nov,SECR-PILE-02,PILA,Live,6 - (DBH; 1.37m - 2m),1HL - (0-0.5m),NA,1,0
poles_table_lil11nov,SECR-PILE-02,ABCO,Live,7 - (2.1-3m),2HL - (0.51-1m),NA,1,0
poles_table_lil11nov,SECR-PILE-02,PILA,Live,6 - (DBH; 1.37m - 2m),3HL - (1.1-2m),NA,1,0
poles_table_lil11nov,SECR-PILE-02,PILA,Live,7 - (2.1-3m),1HL - (0-0.5m),NA,1,0
poles_table_lil11nov,SECR-THIN-03,SEGI,Live,6 - (DBH; 1.37m - 2m),1HL - (0-0.5m),NA,1,0
poles_table_lil11nov,SECR-THIN-03,CADE,Live,7 - (2.1-3m),1HL - (0-0.5m),NA,2,0
poles_table_lil11nov,SECR-THIN-03,NONE,Live,7 - (2.1-3m),1HL - (0-0.5m),CONU,15,0
poles_table_lil11nov,SECR-THIN-03,NONE,Live,8 - (3.1-4m),1HL - (0-0.5m),CONU,11,0
poles_table_lil11nov,SECR-THIN-03,NONE,Live,6 - (DBH; 1.37m - 2m),1HL - (0-0.5m),CONU,3,0
poles_table_lil11nov,SECR-THIN-04,CADE,Live,6 - (DBH; 1.37m - 2m),1HL - (0-0.5m),NA,1,0
poles_table_lil11nov,SECR-THIN-04,SEGI,Live,6 - (DBH; 1.37m - 2m),1HL - (0-0.5m),NA,2,0
poles_table_lil11nov,SECR-THIN-04,PIPO,Live,6 - (DBH; 1.37m - 2m),1HL - (0-0.5m),NA,1,0
poles_table_lil11nov,SECR_THIN_01,ABCO,Live,6 - (DBH; 1.37m - 2m),1HL - (0-0.5m),NA,9,0
poles_table_lil11nov,SECR_THIN_01,CADE,Live,6 - (DBH; 1.37m - 2m),1HL - (0-0.5m),NA,1,0
poles_table_lil11nov,SECR_THIN_01,CONU,Live,6 - (DBH; 1.37m - 2m),1HL - (0-0.5m),NA,15,0
poles_table_lil11nov,SECR_THIN_01,CONU,Live,6 - (DBH; 1.37m - 2m),2HL - (0.51-1m),NA,8,0
poles_table_lil11nov,SECR_THIN_01,CONU,Live,7 - (2.1-3m),1HL - (0-0.5m),NA,15,0
poles_table_lil11nov,SECR_THIN_01,CONU,Live,7 - (2.1-3m),2HL - (0.51-1m),NA,3,0
poles_table_lil11nov,SECR_THIN_01,CONU,Live,7 - (2.1-3m),3HL - (1.1-2m),NA,6,0
poles_table_lil11nov,SECR_THIN_01,CONU,Live,8 - (3.1-4m),1HL - (0-0.5m),NA,19,0
poles_table_lil11nov,SECR_THIN_01,CONU,Live,9 - (4.1-5m),1HL - (0-0.5m),NA,4,0
poles_table_lil11nov,SECR_THIN_01,CONU,Live,9 - (4.1-5m),2HL - (0.51-1m),NA,2,0
poles_table_lil11nov,EAFR-RX-23,SEGI,Live,8 - (3.1-4m),2HL - (0.51-1m),NA,1,0
poles_table_lil11nov,EAFR-RX-23,SEGI,Live,8 - (3.1-4m),1HL - (0-0.5m),NA,2,0
poles_table_lil11nov,EAFR-RX-23,SEGI,Live,7 - (2.1-3m),1HL - (0-0.5m),NA,1,0
poles_table_lil11nov,EAFR-RX-23,SEGI,Live,6 - (DBH; 1.37m - 2m),2HL - (0.51-1m),NA,1,0
poles_table_lil11nov,EAFR-RX-23,SEGI,Live,7 - (2.1-3m),2HL - (0.51-1m),NA,1,0
poles_table_lil11nov,EAFR-RX-23,SEGI,Live,9 - (4.1-5m),2HL - (0.51-1m),NA,1,0
poles_table_lil11nov,EAFR-RX-23,CADE,Live,6 - (DBH; 1.37m - 2m),1HL - (0-0.5m),NA,2,0
poles_table_lil11nov,EAFR-RX-23,SEGI,Live,7 - (2.1-3m),3HL - (1.1-2m),NA,1,0
poles_table_lil11nov,EAFR-RX-23,PIPO,Live,7 - (2.1-3m),1HL - (0-0.5m),CRUSHED BY DOWNED LOG,1,0
poles_table_lil11nov,EAFR-RX-23,SEGI,Live,8 - (3.1-4m),1HL - (0-0.5m),NA,1,0
poles_table_lil11nov,EAFR-RX-23,SEGI,Live,7 - (2.1-3m),1HL - (0-0.5m),NA,1,0
poles_table_lil11nov,EAFR-RX-18,ABCO,Live,6 - (DBH; 1.37m - 2m),2HL - (0.51-1m),NA,13,0
poles_table_lil11nov,EAFR-RX-18,ABCO,Live,8 - (3.1-4m),3HL - (1.1-2m),NA,3,0
poles_table_lil11nov,EAFR-RX-18,ABCO,Live,7 - (2.1-3m),2HL - (0.51-1m),NA,7,0
poles_table_lil11nov,EAFR-RX-18,ABCO,Live,10 - (5.1-6m),2HL - (0.51-1m),NA,2,0
poles_table_lil11nov,EAFR-RX-18,ABCO,Live,6 - (DBH; 1.37m - 2m),3HL - (1.1-2m),NA,2,0
poles_table_lil11nov,EAFR-RX-18,ABCO,Live,8 - (3.1-4m),2HL - (0.51-1m),NA,8,0
poles_table_lil11nov,EAFR-RX-18,ABCO,Live,7 - (2.1-3m),4HL - (2.1-3m),NA,1,0
poles_table_lil11nov,EAFR-RX-18,ABCO,Dead,7 - (2.1-3m),NA,NA,2,0
poles_table_lil11nov,EAFR-RX-18,ABCO,Dead,11 - (6.1-7m),NA,NA,2,0
poles_table_lil11nov,EAFR-RX-18,ABCO,Live,8 - (3.1-4m),4HL - (2.1-3m),NA,2,0
poles_table_lil11nov,EAFR-RX-18,ABCO,Live,11 - (6.1-7m),6HL - (4.1-5m),NA,2,0
poles_table_lil11nov,EAFR-RX-18,PILA,Live,6 - (DBH; 1.37m - 2m),1HL - (0-0.5m),NA,8,0
poles_table_lil11nov,EAFR-RX-18,ABCO,Live,9 - (4.1-5m),3HL - (1.1-2m),NA,1,0
poles_table_lil11nov,EAFR-RX-18,ABCO,Live,10 - (5.1-6m),3HL - (1.1-2m),NA,1,0
poles_table_lil11nov,EAFR-RX-18,ABCO,Live,11 - (6.1-7m),1HL - (0-0.5m),NA,1,0
poles_table_lil11nov,EAFR-RX-18,ABCO,Live,8 - (3.1-4m),1HL - (0-0.5m),NA,2,0
poles_table_lil11nov,EAFR-RX-18,ABCO,Live,10 - (5.1-6m),1HL - (0-0.5m),NA,1,0
poles_table_lil11nov,EAFR-RX-18,ABCO,Live,11 - (6.1-7m),4HL - (2.1-3m),NA,1,0
poles_table_lil11nov,EAFR-RX-18,ABCO,Live,7 - (2.1-3m),3HL - (1.1-2m),NA,1,0
poles_table_lil11nov,EAFR-RX-18,ABCO,Dead,10 - (5.1-6m),NA,NA,1,0
poles_table_lil11nov,EAFR-RX-18,ABCO,Dead,8 - (3.1-4m),NA,NA,1,0
poles_table_lil11nov,EAFR-RX-18,ABCO,Live,11 - (6.1-7m),2HL - (0.51-1m),NA,1,0
poles_table_lil11nov,EAFR-RX-18,ABCO,Live,10 - (5.1-6m),3HL - (1.1-2m),NA,1,0
poles_table_lil11nov,EAFR-RX-18,ABCO,Live,9 - (4.1-5m),2HL - (0.51-1m),NA,1,0
poles_table_lil11nov,EAFR-RX-18,ABCO,Live,12 - (7.1-8m),2HL - (0.51-1m),NA,1,0
poles_table_lil11nov,EAFR-RX-15,ABCO,Live,7 - (2.1-3m),2HL - (0.51-1m),NA,3,0
poles_table_lil11nov,EAFR-RX-15,ABCO,Live,7 - (2.1-3m),1HL - (0-0.5m),NA,1,0
poles_table_lil11nov,EAFR-RX-15,QUKE,Live,9 - (4.1-5m),2HL - (0.51-1m),NA,1,0
poles_table_lil11nov,EAFR-RX-15,ABCO,Live,6 - (DBH; 1.37m - 2m),1HL - (0-0.5m),NA,4,0
poles_table_lil11nov,EAFR-RX-15,ABCO,Live,8 - (3.1-4m),2HL - (0.51-1m),NA,3,0
poles_table_lil11nov,EAFR-RX-15,ABCO,Live,6 - (DBH; 1.37m - 2m),2HL - (0.51-1m),NA,3,0
poles_table_lil11nov,EAFR-RX-15,QUKE,Live,7 - (2.1-3m),3HL - (1.1-2m),NA,1,0
poles_table_lil11nov,EAFR-RX-15,ABCO,Live,8 - (3.1-4m),1HL - (0-0.5m),NA,3,0
poles_table_lil11nov,EAFR-RX-15,ABCO,Live,9 - (4.1-5m),2HL - (0.51-1m),NA,1,0
poles_table_lil11nov,EAFR-RX-15,QUKE,Live,7 - (2.1-3m),1HL - (0-0.5m),NA,1,0
poles_table_lil11nov,EAFR-RX-15,QUKE,Live,6 - (DBH; 1.37m - 2m),1HL - (0-0.5m),NA,1,0
poles_table_lil11nov,EAFR-RX-15,QUKE,Live,11 - (6.1-7m),3HL - (1.1-2m),NA,1,0
poles_table_lil11nov,EAFR-RX-15,QUKE,Live,8 - (3.1-4m),3HL - (1.1-2m),NA,3,0
poles_table_lil11nov,EAFR-RX-15,QUKE,Live,9 - (4.1-5m),3HL - (1.1-2m),NA,1,0
poles_table_lil11nov,EAFR-RX-09,ABCO,Dead,6 - (DBH; 1.37m - 2m),NA,NA,1,0
poles_table_lil11nov,EAFR-RX-09,ABCO,Live,9 - (4.1-5m),2HL - (0.51-1m),NA,1,0
poles_table_lil11nov,EAFR-RX-05,ABCO,Live,6 - (DBH; 1.37m - 2m),1HL - (0-0.5m),NA,49,0
poles_table_lil11nov,EAFR-RX-05,ABCO,Live,7 - (2.1-3m),1HL - (0-0.5m),NA,22,0
poles_table_lil11nov,EAFR-RX-05,SEGI,Live,6 - (DBH; 1.37m - 2m),2HL - (0.51-1m),NA,1,0
poles_table_lil11nov,EAFR-RX-05,SEGI,Live,8 - (3.1-4m),2HL - (0.51-1m),NA,1,0
poles_table_lil11nov,EAFR-RX-05,ABCO,Live,8 - (3.1-4m),1HL - (0-0.5m),NA,6,0
poles_table_lil11nov,EAFR-RX-05,ABCO,Live,9 - (4.1-5m),1HL - (0-0.5m),NA,11,0
poles_table_lil11nov,EAFR-RX-05,SEGI,Live,6 - (DBH; 1.37m - 2m),1HL - (0-0.5m),NA,2,0
poles_table_lil11nov,EAFR-RX-05,ABCO,Live,10 - (5.1-6m),1HL - (0-0.5m),NA,7,0
poles_table_lil11nov,EAFR-RX-05,NA,NA,NA,NA,NA,1,0
poles_table_lil11nov,EAFR-RX-29,ABCO,Live,6 - (DBH; 1.37m - 2m),1HL - (0-0.5m),NA,225,0
poles_table_lil11nov,EAFR-RX-29,PILA,Live,6 - (DBH; 1.37m - 2m),2HL - (0.51-1m),NA,3,0
poles_table_lil11nov,EAFR-RX-29,CADE,Live,6 - (DBH; 1.37m - 2m),1HL - (0-0.5m),NA,1,0
poles_table_lil11nov,EAFR-RX-29,ABCO,Live,7 - (2.1-3m),1HL - (0-0.5m),NA,24,0
poles_table_lil11nov,EAFR-RX-29,ABCO,Live,8 - (3.1-4m),1HL - (0-0.5m),NA,9,0
poles_table_lil11nov,EAFR-RX-29,ABCO,Dead,6 - (DBH; 1.37m - 2m),NA,NA,1,0
poles_table_lil11nov,EAFR-RX-29,PILA,Live,7 - (2.1-3m),2HL - (0.51-1m),NA,1,0
poles_table_lil11nov,EAFR-RX-29,ABCO,Live,10 - (5.1-6m),2HL - (0.51-1m),NA,1,0
poles_table_lil11nov,REME-THIN-14,CADE,Dead,6 - (DBH; 1.37m - 2m),NA,NA,8,0
poles_table_lil11nov,REME-THIN-14,QUKE,Dead,7 - (2.1-3m),NA,NA,2,0
poles_table_lil11nov,REME-THIN-14,ABCO,Live,7 - (2.1-3m),2HL - (0.51-1m),NA,1,0
poles_table_lil11nov,REME-THIN-14,CADE,Live,8 - (3.1-4m),4HL - (2.1-3m),NA,1,0
poles_table_lil11nov,REME-THIN-14,QUKE,Dead,6 - (DBH; 1.37m - 2m),NA,NA,3,0
poles_table_lil11nov,REME-THIN-14,CADE,Dead,7 - (2.1-3m),NA,NA,4,0
poles_table_lil17nov,REME-THIN-14,CADE,Dead,6 - (DBH; 1.37m - 2m),NA,NA,8,NA
poles_table_lil17nov,REME-THIN-14,QUKE,Dead,7 - (2.1-3m),NA,NA,2,NA
poles_table_lil17nov,REME-THIN-14,ABCO,Live,7 - (2.1-3m),2HL - (0.51-1m),NA,1,NA
poles_table_lil17nov,REME-THIN-14,CADE,Live,8 - (3.1-4m),4HL - (2.1-3m),NA,1,NA
poles_table_lil17nov,REME-THIN-14,QUKE,Dead,6 - (DBH; 1.37m - 2m),NA,NA,3,NA
poles_table_lil17nov,REME-THIN-14,CADE,Dead,7 - (2.1-3m),NA,NA,4,NA
poles_table_lil17nov,REME-THIN-14,CADE,Live,7 - (2.1-3m),3HL - (1.1-2m),NA,1,NA
poles_table_lil17nov,REME-THIN-14,ABCO,Dead,8 - (3.1-4m),NA,NA,4,NA
poles_table_lil17nov,REME-THIN-14,ABCO,Dead,6 - (DBH; 1.37m - 2m),NA,NA,1,NA
poles_table_lil17nov,REME-THIN-14,CADE,Live,6 - (DBH; 1.37m - 2m),1HL - (0-0.5m),NA,1,NA
poles_table_lil17nov,REME-THIN-14,CADE,Live,6 - (DBH; 1.37m - 2m),3HL - (1.1-2m),NA,1,NA
poles_table_lil17nov,REME-THIN-14,CADE,Dead,8 - (3.1-4m),NA,NA,1,NA
poles_table_lil17nov,REME-THIN-14,QUCH,Dead,7 - (2.1-3m),NA,NA,2,NA
poles_table_lil17nov,REME-THIN-14,QUCH,Dead,6 - (DBH; 1.37m - 2m),NA,NA,3,NA
poles_table_lil17nov,REMO-PLANT-45,ABCO,Dead,9 - (4.1-5m),NA,NA,1,NA
poles_table_lil17nov,REMO-PLANT-45,ABCO,Dead,8 - (3.1-4m),NA,NA,1,NA
poles_table_lil17nov,REMO-PLANT-45,PILA,Dead,10 - (5.1-6m),NA,NA,1,NA
poles_table_lil17nov,REMO-PLANT-45,PIXX,Dead,8 - (3.1-4m),NA,NA,1,NA
poles_table_lil17nov,REME-THIN-26,ABCO,Live,6 - (DBH; 1.37m - 2m),2HL - (0.51-1m),NA,1,NA
poles_table_lil17nov,REME-THIN-26,CADE,Dead,6 - (DBH; 1.37m - 2m),NA,NA,3,NA
poles_table_lil17nov,REME-THIN-26,QUKE,Live,8 - (3.1-4m),2HL - (0.51-1m),NA,1,NA
poles_table_lil17nov,REME-THIN-26,ABCO,Dead,6 - (DBH; 1.37m - 2m),NA,NA,1,NA
poles_table_lil17nov,REME-THIN-26,QUKE,Live,7 - (2.1-3m),2HL - (0.51-1m),NA,1,NA
poles_table_lil17nov,REME-THIN-26,QUKE,Dead,6 - (DBH; 1.37m - 2m),NA,NA,3,NA
poles_table_lil17nov,REME-THIN-26,CADE,Dead,7 - (2.1-3m),NA,NA,4,NA
poles_table_lil17nov,REME-THIN-26,QUKE,Dead,7 - (2.1-3m),NA,NA,1,NA
poles_table_lil17nov,REME-THIN-26,QUCH,Dead,7 - (2.1-3m),NA,NA,1,NA
poles_table_lil17nov,REME-THIN-26,ABCO,Dead,6 - (DBH; 1.37m - 2m),NA,NA,1,NA
poles_table_lil17nov,REME-THIN-26,CADE,Dead,9 - (4.1-5m),NA,NA,5,NA
poles_table_lil17nov,REME-THIN-26,CADE,Dead,8 - (3.1-4m),NA,NA,3,NA
poles_table_lil17nov,REME-THIN-26,QUCH,Dead,6 - (DBH; 1.37m - 2m),NA,NA,1,NA
poles_table_lil17nov,REME-THIN-26,ABCO,Dead,7 - (2.1-3m),NA,NA,1,NA
poles_table_lil17nov,REME-THIN-26,PIPOJE,Dead,7 - (2.1-3m),NA,NA,2,NA
poles_table_lil17nov,REME-THIN-26,PIPOJE,Dead,8 - (3.1-4m),NA,NA,1,NA
poles_table_lil17nov,REME-THIN-26,QUCH,Dead,8 - (3.1-4m),NA,NA,1,NA
poles_table_lil17nov,REME-THIN-11,PILA,Live,7 - (2.1-3m),3HL - (1.1-2m),NA,1,NA
poles_table_lil17nov,REME-THIN-11,PILA,Dead,6 - (DBH; 1.37m - 2m),NA,NA,3,NA
poles_table_lil17nov,REME-THIN-11,PILA,Dead,7 - (2.1-3m),NA,NA,4,NA
poles_table_lil17nov,REME-THIN-11,QUKE,Dead,6 - (DBH; 1.37m - 2m),NA,NA,1,NA
poles_table_lil17nov,REME-THIN-23,ABCO,Dead,7 - (2.1-3m),NA,NA,6,NA
poles_table_lil17nov,REME-THIN-23,CADE,Dead,6 - (DBH; 1.37m - 2m),NA,NA,22,NA
poles_table_lil17nov,REME-THIN-23,CADE,Dead,7 - (2.1-3m),NA,NA,14,NA
poles_table_lil17nov,REME-THIN-23,CADE,Dead,8 - (3.1-4m),NA,NA,6,NA
poles_table_lil17nov,REME-THIN-23,ABCO,Dead,6 - (DBH; 1.37m - 2m),NA,NA,2,NA
poles_table_lil17nov,REME-THIN-23,QUCH,Dead,6 - (DBH; 1.37m - 2m),NA,NA,1,NA
poles_table_lil17nov,REME-THIN-23,CADE,Live,6 - (DBH; 1.37m - 2m),2HL - (0.51-1m),NA,2,NA
poles_table_lil17nov,REME-THIN-23,CADE,Live,8 - (3.1-4m),3HL - (1.1-2m),NA,6,NA
poles_table_lil17nov,REME-THIN-23,PIPOJE,Live,6 - (DBH; 1.37m - 2m),1HL - (0-0.5m),NA,1,NA
poles_table_lil17nov,REME-THIN-23,CADE,Live,6 - (DBH; 1.37m - 2m),1HL - (0-0.5m),NA,2,NA
poles_table_lil17nov,REME-THIN-23,CADE,Live,7 - (2.1-3m),1HL - (0-0.5m),NA,1,NA
poles_table_lil17nov,REME-THIN-23,CADE,Live,8 - (3.1-4m),4HL - (2.1-3m),NA,2,NA
poles_table_lil17nov,REME-THIN-23,PILA,Live,7 - (2.1-3m),3HL - (1.1-2m),NA,1,NA
poles_table_lil17nov,REME-THIN-23,ABCO,Dead,9 - (4.1-5m),NA,NA,1,NA
poles_table_lil17nov,REME-THIN-23,QUKE,Dead,6 - (DBH; 1.37m - 2m),NA,NA,2,NA
poles_table_lil17nov,REME-THIN-23,CADE,Live,7 - (2.1-3m),2HL - (0.51-1m),NA,2,NA
poles_table_lil17nov,REME-THIN-23,QUKE,Dead,7 - (2.1-3m),NA,NA,1,NA
poles_table_lil17nov,REME-THIN-23,PILA,Dead,8 - (3.1-4m),NA,NA,1,NA
poles_table_lil17nov,REME-THIN-23,QUKE,Dead,8 - (3.1-4m),NA,NA,1,NA
poles_table_lil17nov,REME-THIN-23,PILA,Live,10 - (5.1-6m),3HL - (1.1-2m),NA,1,NA
poles_table_lil17nov,REME-THIN-10,CADE,Dead,7 - (2.1-3m),NA,NA,2,NA
poles_table_lil17nov,REME-THIN-10,CADE,Dead,8 - (3.1-4m),NA,NA,1,NA
poles_table_lil17nov,REME-THIN-10,ABCO,Dead,8 - (3.1-4m),NA,NA,1,NA
poles_table_lil17nov,REME-THIN-10,ABCO,Dead,6 - (DBH; 1.37m - 2m),NA,NA,1,NA
poles_table_lil17nov,REME-THIN-10,PILA,Dead,6 - (DBH; 1.37m - 2m),NA,NA,2,NA
poles_table_lil17nov,REME-THIN-10,PILA,Dead,7 - (2.1-3m),NA,NA,2,NA
poles_table_lil17nov,REME-THIN-25,ABCO,Dead,6 - (DBH; 1.37m - 2m),NA,NA,1,NA
poles_table_lil17nov,REME-THIN-25,CADE,Dead,7 - (2.1-3m),NA,NA,1,NA
poles_table_lil17nov,REME-THIN-25,CADE,Dead,6 - (DBH; 1.37m - 2m),NA,NA,1,NA
poles_table_lil17nov,REME-THIN-18,PILA,Dead,7 - (2.1-3m),NA,NA,1,NA
poles_table_lil17nov,REME-THIN-27,PILA,Live,7 - (2.1-3m),1HL - (0-0.5m),NA,1,NA
poles_table_lil17nov,REME-THIN-15,ABCO,Live,7 - (2.1-3m),3HL - (1.1-2m),NA,2,NA
poles_table_lil17nov,REME-THIN-15,ABCO,Live,6 - (DBH; 1.37m - 2m),2HL - (0.51-1m),NA,3,NA
poles_table_lil17nov,USGS-409005,SEGI,Dead,14 - (>9.1m),NA,WAS ENTERED AS A TREE WITH DBH 9. DEAD PRE-FIRE,1,NA
